Case_ID,Fiscal_Year,Payment_Error_Type,Error_Cause_Category,Reporting_Status,Recipient_Type,Recipient_Age,State,Monthly_Benefit_Amount_USD,Improper_Payment_Amount_USD,Duration_of_Error_Months,Concurrent_OASDI_Beneficiary,Has_Representative_Payee,Overpayment_Rate_Pct,Recovery_Action
IP-1000,2015,Overpayment,Wages / Earned Income,Recipient Failure to Report,Disabled (Adult 18-64),45,Alaska,250.69,916.08,35,Yes,Yes,10.44,Benefit Withholding
IP-1001,2015,Overpayment,Financial Accounts / Resources,Recipient Failure to Report,Disabled (Adult 18-64),46,Washington,444.58,6100.37,35,No,Yes,39.2,Direct Billing
IP-1002,2015,Overpayment,Unearned Income,Recipient Failure to Report,Disabled (Adult 18-64),40,Vermont,421.5,2894.22,6,No,No,114.44,Waiver Granted
IP-1003,2015,Overpayment,Real Property,Recipient Failure to Report,Aged (65+),84,Louisiana,683.54,715.86,19,No,No,5.51,Direct Billing
IP-1004,2015,Overpayment,Unearned Income,Recipient Failure to Report,Disabled (Adult 18-64),42,Maryland,705.16,8375.12,15,No,No,79.18,Waiver Granted
IP-1005,2015,Overpayment,Wages / Earned Income,Representative Payee Failure to Report,Disabled (Adult 18-64),28,Delaware,555.12,7964.73,5,No,Yes,286.96,Repayment Plan
IP-1006,2015,Overpayment,Living Arrangement,Representative Payee Failure to Report,Disabled (Child Under 18),17,New Mexico,691.38,1905.75,21,Yes,Yes,13.13,Benefit Withholding
IP-1007,2015,Overpayment,Real Property,Recipient Failure to Report,Disabled (Adult 18-64),49,Nebraska,323.96,7455.31,21,No,No,109.59,Repayment Plan
IP-1008,2015,Overpayment,Wages / Earned Income,SSA Processing Delay,Disabled (Adult 18-64),43,Nevada,723.43,2270.17,28,No,Yes,11.21,Direct Billing
IP-1009,2015,Overpayment,Living Arrangement,Recipient Failure to Report,Disabled (Adult 18-64),45,Michigan,661.78,1341.51,11,Yes,No,18.43,Repayment Plan
IP-1010,2015,Overpayment,In-Kind Support and Maintenance (ISM),Recipient Failure to Report,Disabled (Adult 18-64),25,New Mexico,596.61,7323.59,1,No,No,1227.53,Waiver Granted
IP-1011,2015,Overpayment,Wages / Earned Income,Recipient Failure to Report,Disabled (Adult 18-64),29,North Dakota,766.61,7450.96,17,Yes,No,57.17,Waiver Granted
IP-1012,2015,Overpayment,Real Property,Recipient Failure to Report,Disabled (Adult 18-64),51,South Carolina,755.89,6493.22,35,Yes,No,24.54,Waiver Granted
IP-1013,2015,Overpayment,Living Arrangement,Recipient Failure to Report,Disabled (Adult 18-64),23,Wisconsin,711.88,2073.37,16,Yes,No,18.2,Repayment Plan
IP-1014,2015,Overpayment,Real Property,Recipient Failure to Report,Disabled (Child Under 18),7,Georgia,752.01,1134.91,31,No,No,4.87,Pending
IP-1015,2015,Overpayment,Living Arrangement,Recipient Failure to Report,Disabled (Adult 18-64),60,North Dakota,432.61,5879.38,20,No,No,67.95,Pending
IP-1016,2015,Overpayment,Living Arrangement,Recipient Failure to Report,Disabled (Adult 18-64),18,Texas,543.06,5021.21,15,Yes,No,61.64,Benefit Withholding
IP-1017,2015,Overpayment,Financial Accounts / Resources,SSA Computation Error,Disabled (Child Under 18),8,Pennsylvania,590.01,4394.62,18,No,No,41.38,Pending
IP-1018,2015,Overpayment,In-Kind Support and Maintenance (ISM),Recipient Failure to Report,Disabled (Adult 18-64),40,Oregon,584.19,1658.96,7,No,No,40.57,Repayment Plan
IP-1019,2015,Overpayment,SSA Administrative / Computation Error,Representative Payee Failure to Report,Disabled (Adult 18-64),24,New Hampshire,624.55,881.63,26,No,Yes,5.43,Direct Billing
IP-1020,2015,Overpayment,In-Kind Support and Maintenance (ISM),Recipient Failure to Report,Disabled (Adult 18-64),53,Iowa,458.35,2160.86,5,Yes,Yes,94.29,Pending
IP-1021,2015,Overpayment,Real Property,Deemor Failure to Report,Disabled (Child Under 18),11,Massachusetts,480.63,1455.33,32,Yes,Yes,9.46,Repayment Plan
IP-1022,2015,Overpayment,Wages / Earned Income,Deemor Failure to Report,Disabled (Adult 18-64),64,District of Columbia,606.11,3894.82,28,No,Yes,22.95,Direct Billing
IP-1023,2015,Overpayment,Financial Accounts / Resources,Representative Payee Failure to Report,Disabled (Child Under 18),14,Nevada,233.33,565.09,21,No,No,11.53,Pending
IP-1024,2015,Overpayment,Wages / Earned Income,Recipient Failure to Report,Disabled (Child Under 18),8,Virginia,593.65,629.01,5,No,Yes,21.19,Pending
IP-1025,2015,Overpayment,Financial Accounts / Resources,Representative Payee Failure to Report,Aged (65+),73,Oregon,384.44,5604.8,34,No,No,42.88,Waiver Granted
IP-1026,2015,Overpayment,Financial Accounts / Resources,Representative Payee Failure to Report,Disabled (Adult 18-64),57,Wisconsin,205.43,3913.55,5,Yes,Yes,381.01,Pending
IP-1027,2015,Overpayment,Financial Accounts / Resources,Deemor Failure to Report,Disabled (Adult 18-64),46,Pennsylvania,366.15,7479.83,24,No,No,85.12,Pending
IP-1028,2015,Overpayment,Wages / Earned Income,Recipient Failure to Report,Aged (65+),68,Rhode Island,354.18,925.31,9,No,No,29.03,Waiver Granted
IP-1029,2015,Overpayment,In-Kind Support and Maintenance (ISM),Recipient Failure to Report,Aged (65+),66,Maine,484.81,7257.11,33,Yes,No,45.36,Repayment Plan
IP-1030,2015,Overpayment,Real Property,Recipient Failure to Report,Disabled (Adult 18-64),46,Georgia,294.2,5433.61,17,No,No,108.64,Benefit Withholding
IP-1031,2015,Overpayment,Wages / Earned Income,Representative Payee Failure to Report,Disabled (Child Under 18),7,North Carolina,539.6,4660.24,24,No,Yes,35.99,Benefit Withholding
IP-1032,2015,Overpayment,Financial Accounts / Resources,SSA Processing Delay,Disabled (Child Under 18),15,New York,597.64,7645.91,14,Yes,No,91.38,Pending
IP-1033,2015,Overpayment,SSA Administrative / Computation Error,Representative Payee Failure to Report,Disabled (Adult 18-64),29,North Carolina,704.07,7872.7,16,No,Yes,69.89,Direct Billing
IP-1034,2015,Overpayment,Deemed Income (Spouse/Parent),Deemor Failure to Report,Disabled (Adult 18-64),62,Rhode Island,355.55,7351.34,16,Yes,No,129.22,Benefit Withholding
IP-1035,2015,Overpayment,SSA Administrative / Computation Error,SSA Processing Delay,Disabled (Adult 18-64),60,Iowa,329.96,3004.61,15,No,No,60.71,Waiver Granted
IP-1036,2015,Overpayment,Financial Accounts / Resources,SSA Processing Delay,Disabled (Adult 18-64),52,Alabama,596.16,5470.52,26,No,Yes,35.29,Benefit Withholding
IP-1037,2015,Overpayment,SSA Administrative / Computation Error,Representative Payee Failure to Report,Disabled (Adult 18-64),38,Indiana,401.54,373.27,28,No,No,3.32,Pending
IP-1038,2015,Overpayment,Wages / Earned Income,Recipient Failure to Report,Disabled (Child Under 18),17,New York,503.11,6039.24,1,No,No,1200.38,Repayment Plan
IP-1039,2015,Overpayment,Wages / Earned Income,Recipient Failure to Report,Aged (65+),74,Minnesota,619.62,5655.62,8,No,No,114.09,Repayment Plan
IP-1040,2015,Overpayment,Financial Accounts / Resources,Representative Payee Failure to Report,Aged (65+),70,Washington,594.88,3602.77,25,No,No,24.23,Pending
IP-1041,2015,Overpayment,Real Property,Recipient Failure to Report,Disabled (Adult 18-64),46,District of Columbia,471.09,4950.87,21,No,No,50.04,Repayment Plan
IP-1042,2015,Overpayment,Deemed Income (Spouse/Parent),SSA Processing Delay,Disabled (Child Under 18),14,Rhode Island,587.03,766.52,33,No,Yes,3.96,Direct Billing
IP-1043,2015,Overpayment,Unearned Income,Recipient Failure to Report,Disabled (Adult 18-64),22,Texas,556.37,440.51,31,No,No,2.55,Pending
IP-1044,2015,Overpayment,Wages / Earned Income,Recipient Failure to Report,Aged (65+),89,Massachusetts,720.42,1296.98,1,Yes,No,180.03,Direct Billing
IP-1045,2015,Overpayment,Wages / Earned Income,Recipient Failure to Report,Disabled (Child Under 18),17,Florida,466.12,4760.08,8,No,No,127.65,Pending
IP-1046,2015,Overpayment,Undetermined / Multiple Factors,Deemor Failure to Report,Aged (65+),82,Connecticut,448.79,5226.91,33,No,Yes,35.29,Repayment Plan
IP-1047,2015,Overpayment,Living Arrangement,SSA Computation Error,Aged (65+),72,Missouri,482.52,6521.13,34,No,No,39.75,Benefit Withholding
IP-1048,2015,Overpayment,Unearned Income,Recipient Failure to Report,Disabled (Adult 18-64),62,Nevada,334.83,730.88,10,No,No,21.83,Direct Billing
IP-1049,2015,Overpayment,Wages / Earned Income,Recipient Failure to Report,Disabled (Adult 18-64),55,Oregon,427.06,576.15,27,Yes,No,5,Repayment Plan
IP-1050,2015,Overpayment,Living Arrangement,Recipient Failure to Report,Disabled (Child Under 18),16,Louisiana,513.78,7261.64,27,No,No,52.35,Direct Billing
IP-1051,2015,Overpayment,Financial Accounts / Resources,Recipient Failure to Report,Disabled (Adult 18-64),47,Rhode Island,622.2,5788.75,26,No,No,35.78,Pending
IP-1052,2015,Overpayment,Wages / Earned Income,Representative Payee Failure to Report,Disabled (Adult 18-64),47,Texas,279.11,759.36,28,No,Yes,9.72,Waiver Granted
IP-1053,2015,Overpayment,Living Arrangement,Recipient Failure to Report,Disabled (Adult 18-64),44,Vermont,638.42,7482.96,18,No,Yes,65.12,Repayment Plan
IP-1054,2015,Overpayment,Wages / Earned Income,Deemor Failure to Report,Disabled (Adult 18-64),59,Alabama,655.46,1944.68,5,Yes,Yes,59.34,Direct Billing
IP-1055,2015,Overpayment,Wages / Earned Income,Recipient Failure to Report,Disabled (Adult 18-64),31,Georgia,528.79,4051.59,8,No,No,95.78,Waiver Granted
IP-1056,2015,Overpayment,Deemed Income (Spouse/Parent),Representative Payee Failure to Report,Disabled (Adult 18-64),24,Alaska,762.43,6120.12,11,Yes,No,72.97,Pending
IP-1057,2015,Overpayment,Unearned Income,Recipient Failure to Report,Disabled (Child Under 18),17,South Dakota,259.41,1725.89,16,No,No,41.58,Pending
IP-1058,2015,Overpayment,Real Property,Representative Payee Failure to Report,Aged (65+),67,New York,585.67,2983.87,28,No,Yes,18.2,Repayment Plan
IP-1059,2015,Overpayment,Real Property,Deemor Failure to Report,Disabled (Adult 18-64),45,Maine,612.36,7583.81,30,No,No,41.28,Pending
IP-1060,2015,Overpayment,Undetermined / Multiple Factors,SSA Processing Delay,Disabled (Adult 18-64),64,Nevada,453.94,6595.72,30,No,No,48.43,Direct Billing
IP-1061,2015,Overpayment,Real Property,SSA Computation Error,Disabled (Adult 18-64),49,Massachusetts,396.12,6391.52,25,No,Yes,64.54,Repayment Plan
IP-1062,2015,Overpayment,Financial Accounts / Resources,Recipient Failure to Report,Aged (65+),81,Idaho,524.03,5975,18,No,Yes,63.34,Direct Billing
IP-1063,2015,Overpayment,Unearned Income,SSA Processing Delay,Disabled (Adult 18-64),19,Delaware,461.29,4072.99,32,Yes,No,27.59,Direct Billing
IP-1064,2015,Overpayment,Living Arrangement,Representative Payee Failure to Report,Disabled (Adult 18-64),53,South Carolina,400.41,4049.05,34,No,No,29.74,Repayment Plan
IP-1065,2015,Overpayment,Financial Accounts / Resources,Recipient Failure to Report,Disabled (Adult 18-64),62,Washington,754.36,2716.38,35,No,Yes,10.29,Direct Billing
IP-1066,2015,Overpayment,Deemed Income (Spouse/Parent),Representative Payee Failure to Report,Disabled (Adult 18-64),30,Vermont,771.64,4483.18,19,No,Yes,30.58,Waiver Granted
IP-1067,2015,Overpayment,Wages / Earned Income,Recipient Failure to Report,Disabled (Adult 18-64),62,Missouri,522.61,434.61,4,No,No,20.79,Repayment Plan
IP-1068,2015,Overpayment,Wages / Earned Income,Recipient Failure to Report,Disabled (Adult 18-64),34,Mississippi,762.89,3771.96,12,No,Yes,41.2,Benefit Withholding
IP-1069,2015,Overpayment,Living Arrangement,Representative Payee Failure to Report,Disabled (Adult 18-64),33,Florida,249.66,1332.09,20,Yes,No,26.68,Repayment Plan
IP-1070,2015,Overpayment,In-Kind Support and Maintenance (ISM),Recipient Failure to Report,Aged (65+),83,Utah,373.36,3264.19,29,No,No,30.15,Pending
IP-1071,2015,Overpayment,In-Kind Support and Maintenance (ISM),SSA Processing Delay,Aged (65+),67,Vermont,354.29,1805.81,14,No,Yes,36.41,Direct Billing
IP-1072,2015,Overpayment,In-Kind Support and Maintenance (ISM),Recipient Failure to Report,Disabled (Adult 18-64),36,Delaware,219.03,5067.7,19,No,No,121.77,Repayment Plan
IP-1073,2015,Overpayment,Wages / Earned Income,Recipient Failure to Report,Disabled (Adult 18-64),52,District of Columbia,447.86,5331.74,13,No,No,91.58,Direct Billing
IP-1074,2015,Overpayment,SSA Administrative / Computation Error,Recipient Failure to Report,Aged (65+),79,New Jersey,456.03,6747.71,19,No,No,77.88,Repayment Plan
IP-1075,2015,Overpayment,Undetermined / Multiple Factors,Recipient Failure to Report,Disabled (Adult 18-64),56,Ohio,628.23,5103.41,28,No,Yes,29.01,Benefit Withholding
IP-1076,2015,Overpayment,Financial Accounts / Resources,SSA Computation Error,Aged (65+),89,West Virginia,535.95,8084.14,18,No,No,83.8,Pending
IP-1077,2015,Overpayment,Unearned Income,Recipient Failure to Report,Disabled (Child Under 18),12,West Virginia,764.96,3733.23,32,No,No,15.25,Waiver Granted
IP-1078,2015,Overpayment,Financial Accounts / Resources,Recipient Failure to Report,Disabled (Adult 18-64),43,Oregon,586.29,5911.54,19,Yes,No,53.07,Benefit Withholding
IP-1079,2015,Overpayment,Financial Accounts / Resources,Deemor Failure to Report,Disabled (Adult 18-64),52,Kentucky,583.42,7358.49,1,No,No,1261.27,Benefit Withholding
IP-1080,2015,Overpayment,Wages / Earned Income,SSA Processing Delay,Disabled (Adult 18-64),53,Maine,318.67,3785.25,4,No,No,296.96,Repayment Plan
IP-1081,2015,Overpayment,SSA Administrative / Computation Error,Recipient Failure to Report,Disabled (Adult 18-64),37,Maine,613.8,5194.97,16,Yes,No,52.9,Repayment Plan
IP-1082,2015,Overpayment,Wages / Earned Income,Deemor Failure to Report,Disabled (Child Under 18),16,Iowa,490.55,8052.66,10,No,No,164.16,Waiver Granted
IP-1083,2015,Overpayment,Living Arrangement,Recipient Failure to Report,Disabled (Adult 18-64),56,Iowa,311.13,4708.19,25,No,Yes,60.53,Waiver Granted
IP-1084,2015,Overpayment,Deemed Income (Spouse/Parent),Recipient Failure to Report,Aged (65+),74,District of Columbia,364.9,4340.38,1,No,Yes,1189.47,Repayment Plan
IP-1085,2015,Overpayment,In-Kind Support and Maintenance (ISM),Representative Payee Failure to Report,Disabled (Adult 18-64),62,Nevada,706.98,3237.42,21,No,No,21.81,Repayment Plan
IP-1086,2015,Overpayment,Financial Accounts / Resources,Recipient Failure to Report,Aged (65+),86,Alaska,425.08,4046.65,25,No,No,38.08,Benefit Withholding
IP-1087,2015,Overpayment,Wages / Earned Income,Recipient Failure to Report,Disabled (Child Under 18),12,Illinois,258.13,7436.91,29,Yes,No,99.35,Direct Billing
IP-1088,2015,Overpayment,Living Arrangement,Recipient Failure to Report,Aged (65+),87,Mississippi,397.38,6653.89,17,No,No,98.5,Benefit Withholding
IP-1089,2015,Overpayment,SSA Administrative / Computation Error,SSA Computation Error,Aged (65+),66,Louisiana,708.6,8112.48,32,Yes,Yes,35.78,Waiver Granted
IP-1090,2015,Overpayment,Undetermined / Multiple Factors,Recipient Failure to Report,Aged (65+),87,Illinois,458.66,6475.12,7,No,Yes,201.68,Benefit Withholding
IP-1091,2015,Overpayment,Financial Accounts / Resources,Recipient Failure to Report,Disabled (Adult 18-64),61,Oklahoma,440.23,1280.06,34,No,Yes,8.55,Direct Billing
IP-1092,2015,Overpayment,Wages / Earned Income,Representative Payee Failure to Report,Blind,38,Massachusetts,335.37,4255.29,10,No,No,126.88,Benefit Withholding
IP-1093,2015,Overpayment,SSA Administrative / Computation Error,Recipient Failure to Report,Disabled (Adult 18-64),55,Nevada,751.07,1384.89,29,No,No,6.36,Repayment Plan
IP-1094,2015,Overpayment,Unearned Income,Recipient Failure to Report,Disabled (Adult 18-64),54,Louisiana,338.29,7260.68,7,No,No,306.61,Waiver Granted
IP-1095,2015,Overpayment,Undetermined / Multiple Factors,Deemor Failure to Report,Disabled (Adult 18-64),61,Rhode Island,529.94,3394.56,1,Yes,No,640.56,Repayment Plan
IP-1096,2015,Overpayment,Real Property,SSA Processing Delay,Disabled (Child Under 18),8,Arizona,327.68,5179.7,23,No,No,68.73,Direct Billing
IP-1097,2015,Overpayment,In-Kind Support and Maintenance (ISM),Representative Payee Failure to Report,Disabled (Child Under 18),16,Wisconsin,537.89,6713.76,3,No,Yes,416.06,Waiver Granted
IP-1098,2015,Overpayment,Financial Accounts / Resources,Recipient Failure to Report,Disabled (Adult 18-64),35,District of Columbia,509.49,4608,24,No,No,37.68,Repayment Plan
IP-1099,2015,Overpayment,Undetermined / Multiple Factors,SSA Computation Error,Disabled (Adult 18-64),32,Michigan,282.06,4007.4,5,No,No,284.15,Waiver Granted
IP-1100,2015,Underpayment,Wages / Earned Income,Recipient Failure to Report,Disabled (Adult 18-64),58,Michigan,540.8,1375.26,9,No,Yes,28.26,Pending Adjustment
IP-1101,2015,Underpayment,In-Kind Support and Maintenance (ISM),Deemor Failure to Report,Aged (65+),85,Minnesota,577.58,2747.46,8,No,No,59.46,Benefit Restored
IP-1102,2015,Underpayment,Financial Accounts / Resources,Recipient Failure to Report,Disabled (Adult 18-64),33,New York,267.7,927.01,16,No,No,21.64,N/A
IP-1103,2015,Underpayment,Living Arrangement,Representative Payee Failure to Report,Disabled (Child Under 18),15,Nevada,716.2,1269,5,Yes,No,35.44,N/A
IP-1104,2015,Underpayment,Deemed Income (Spouse/Parent),Representative Payee Failure to Report,Disabled (Adult 18-64),24,Tennessee,698.73,1341.28,8,No,No,23.99,Benefit Restored
IP-1105,2015,Underpayment,Wages / Earned Income,Deemor Failure to Report,Disabled (Adult 18-64),56,Iowa,574.11,293.19,7,Yes,Yes,7.3,Benefit Restored
IP-1106,2015,Underpayment,Wages / Earned Income,Representative Payee Failure to Report,Disabled (Adult 18-64),31,Pennsylvania,320.77,2492.86,18,No,No,43.17,Pending Adjustment
IP-1107,2015,Underpayment,Unearned Income,Recipient Failure to Report,Aged (65+),70,North Carolina,346.13,2962.83,18,Yes,No,47.55,Retroactive Payment Made
IP-1108,2015,Underpayment,Wages / Earned Income,SSA Processing Delay,Disabled (Adult 18-64),26,West Virginia,354.71,984.84,6,No,No,46.27,Retroactive Payment Made
IP-1109,2015,Underpayment,Unearned Income,SSA Processing Delay,Disabled (Adult 18-64),57,Kansas,493.74,1789.12,15,Yes,No,24.16,Benefit Restored
IP-1110,2015,Underpayment,In-Kind Support and Maintenance (ISM),Recipient Failure to Report,Disabled (Child Under 18),12,Mississippi,599.99,2544.95,14,No,Yes,30.3,Retroactive Payment Made
IP-1111,2015,Underpayment,Living Arrangement,Recipient Failure to Report,Disabled (Adult 18-64),42,Hawaii,615.19,1906.57,18,No,No,17.22,N/A
IP-1112,2015,Underpayment,Wages / Earned Income,SSA Computation Error,Aged (65+),71,New Hampshire,620.25,2635.56,18,No,No,23.61,Pending Adjustment
IP-1113,2015,Underpayment,Living Arrangement,Recipient Failure to Report,Aged (65+),73,North Dakota,382.2,303.36,14,No,Yes,5.67,N/A
IP-1114,2015,Underpayment,Wages / Earned Income,Recipient Failure to Report,Aged (65+),82,Illinois,673.26,2238.88,12,Yes,No,27.71,Benefit Restored
IP-1115,2015,Underpayment,Financial Accounts / Resources,SSA Computation Error,Disabled (Adult 18-64),56,Vermont,764.58,1280.35,2,No,No,83.73,Retroactive Payment Made
IP-1116,2015,Underpayment,In-Kind Support and Maintenance (ISM),Representative Payee Failure to Report,Disabled (Adult 18-64),41,Arizona,692.85,2544.88,12,Yes,No,30.61,Pending Adjustment
IP-1117,2015,Underpayment,Unearned Income,Deemor Failure to Report,Aged (65+),86,Hawaii,215.31,1848.45,18,No,Yes,47.69,Pending Adjustment
IP-1118,2015,Underpayment,Living Arrangement,Deemor Failure to Report,Aged (65+),77,Alabama,530.17,38.2,5,Yes,Yes,1.44,Retroactive Payment Made
IP-1119,2015,Underpayment,Wages / Earned Income,Recipient Failure to Report,Disabled (Adult 18-64),38,Iowa,381.68,1035.87,12,Yes,Yes,22.62,Pending Adjustment
IP-1120,2015,Underpayment,Wages / Earned Income,Representative Payee Failure to Report,Aged (65+),79,Missouri,483.14,1340.48,14,No,No,19.82,Pending Adjustment
IP-1121,2015,Underpayment,Unearned Income,Recipient Failure to Report,Disabled (Adult 18-64),37,Maryland,507.2,2041.09,16,Yes,Yes,25.15,N/A
IP-1122,2015,Underpayment,Deemed Income (Spouse/Parent),Recipient Failure to Report,Disabled (Adult 18-64),25,Tennessee,368.75,2306.7,9,Yes,No,69.51,N/A
IP-1123,2016,Overpayment,Living Arrangement,Recipient Failure to Report,Aged (65+),88,Rhode Island,431.49,6862.39,5,Yes,No,318.08,Benefit Withholding
IP-1124,2016,Overpayment,Living Arrangement,Recipient Failure to Report,Disabled (Adult 18-64),43,Oklahoma,368.79,4895.23,27,Yes,No,49.16,Direct Billing
IP-1125,2016,Overpayment,Real Property,SSA Computation Error,Aged (65+),83,South Carolina,341.85,794.7,7,No,No,33.21,Benefit Withholding
IP-1126,2016,Overpayment,Living Arrangement,Recipient Failure to Report,Disabled (Adult 18-64),25,Colorado,497.61,6633.55,5,No,No,266.62,Waiver Granted
IP-1127,2016,Overpayment,Unearned Income,SSA Processing Delay,Aged (65+),84,Massachusetts,315.01,918.7,17,No,No,17.16,Benefit Withholding
IP-1128,2016,Overpayment,Wages / Earned Income,Recipient Failure to Report,Aged (65+),83,Vermont,597.1,4813.56,29,No,No,27.8,Waiver Granted
IP-1129,2016,Overpayment,Wages / Earned Income,Recipient Failure to Report,Disabled (Adult 18-64),22,Wisconsin,405.18,6778.99,4,No,No,418.27,Repayment Plan
IP-1130,2016,Overpayment,Wages / Earned Income,Recipient Failure to Report,Disabled (Adult 18-64),50,New Hampshire,558.55,7352.91,6,No,No,219.4,Pending
IP-1131,2016,Overpayment,In-Kind Support and Maintenance (ISM),SSA Computation Error,Aged (65+),80,Connecticut,387.45,7731.47,13,No,Yes,153.5,Repayment Plan
IP-1132,2016,Overpayment,Wages / Earned Income,Recipient Failure to Report,Disabled (Child Under 18),16,South Dakota,222.82,762.58,12,No,No,28.52,Pending
IP-1133,2016,Overpayment,In-Kind Support and Maintenance (ISM),Recipient Failure to Report,Disabled (Adult 18-64),21,Maryland,595.8,3323.67,22,No,Yes,25.36,Waiver Granted
IP-1134,2016,Overpayment,Wages / Earned Income,Recipient Failure to Report,Aged (65+),83,North Dakota,394.35,7245.73,10,No,No,183.74,Waiver Granted
IP-1135,2016,Overpayment,Undetermined / Multiple Factors,Recipient Failure to Report,Aged (65+),77,Idaho,380.49,6039.65,6,No,Yes,264.56,Pending
IP-1136,2016,Overpayment,Wages / Earned Income,Recipient Failure to Report,Aged (65+),75,Texas,754.53,3113.95,12,No,Yes,34.39,Direct Billing
IP-1137,2016,Overpayment,Undetermined / Multiple Factors,Recipient Failure to Report,Disabled (Adult 18-64),51,District of Columbia,686.87,904.64,35,Yes,No,3.76,Waiver Granted
IP-1138,2016,Overpayment,SSA Administrative / Computation Error,Representative Payee Failure to Report,Aged (65+),66,North Carolina,620.45,1420.99,11,No,No,20.82,Direct Billing
IP-1139,2016,Overpayment,Undetermined / Multiple Factors,SSA Processing Delay,Aged (65+),90,District of Columbia,339.44,3843.44,35,No,Yes,32.35,Waiver Granted
IP-1140,2016,Overpayment,Unearned Income,Recipient Failure to Report,Aged (65+),78,Wyoming,493.19,2430.97,25,No,Yes,19.72,Pending
IP-1141,2016,Overpayment,Wages / Earned Income,Representative Payee Failure to Report,Disabled (Adult 18-64),51,South Carolina,614.75,4735.87,7,Yes,No,110.05,Benefit Withholding
IP-1142,2016,Overpayment,Deemed Income (Spouse/Parent),Deemor Failure to Report,Disabled (Adult 18-64),32,North Carolina,751.76,7072.34,6,No,No,156.8,Benefit Withholding
IP-1143,2016,Overpayment,Living Arrangement,Recipient Failure to Report,Disabled (Adult 18-64),38,Louisiana,330.91,8453.74,24,Yes,No,106.45,Waiver Granted
IP-1144,2016,Overpayment,Deemed Income (Spouse/Parent),Recipient Failure to Report,Disabled (Adult 18-64),48,Mississippi,642.4,5931.81,9,No,No,102.6,Benefit Withholding
IP-1145,2016,Overpayment,SSA Administrative / Computation Error,Recipient Failure to Report,Disabled (Adult 18-64),36,North Carolina,446.76,4687.4,34,No,No,30.86,Benefit Withholding
IP-1146,2016,Overpayment,Wages / Earned Income,SSA Processing Delay,Disabled (Adult 18-64),19,Iowa,547.9,580.72,32,No,No,3.31,Direct Billing
IP-1147,2016,Overpayment,Financial Accounts / Resources,Recipient Failure to Report,Disabled (Adult 18-64),41,Nebraska,505.19,3570,6,Yes,No,117.78,Pending
IP-1148,2016,Overpayment,Living Arrangement,Representative Payee Failure to Report,Disabled (Child Under 18),10,Louisiana,570.6,7429.65,3,No,No,434.03,Benefit Withholding
IP-1149,2016,Overpayment,Financial Accounts / Resources,Recipient Failure to Report,Disabled (Adult 18-64),40,Rhode Island,277.78,5358.77,22,No,No,87.69,Direct Billing
IP-1150,2016,Overpayment,Real Property,Deemor Failure to Report,Aged (65+),89,Mississippi,236.79,5388.17,9,No,Yes,252.83,Waiver Granted
IP-1151,2016,Overpayment,Wages / Earned Income,SSA Computation Error,Aged (65+),82,Minnesota,432.16,7936.98,33,No,No,55.65,Benefit Withholding
IP-1152,2016,Overpayment,Deemed Income (Spouse/Parent),Recipient Failure to Report,Disabled (Adult 18-64),41,Wyoming,359.29,453.94,22,No,No,5.74,Repayment Plan
IP-1153,2016,Overpayment,SSA Administrative / Computation Error,Deemor Failure to Report,Disabled (Adult 18-64),51,Arkansas,738.87,5897.98,24,No,Yes,33.26,Repayment Plan
IP-1154,2016,Overpayment,Wages / Earned Income,SSA Computation Error,Aged (65+),86,Nevada,246.68,2532.33,7,No,No,146.65,Repayment Plan
IP-1155,2016,Overpayment,In-Kind Support and Maintenance (ISM),Representative Payee Failure to Report,Disabled (Adult 18-64),45,Alabama,558.46,3828.25,23,No,No,29.8,Benefit Withholding
IP-1156,2016,Overpayment,Wages / Earned Income,Recipient Failure to Report,Aged (65+),84,Alaska,283.24,5791.02,2,No,Yes,1022.28,Direct Billing
IP-1157,2016,Overpayment,Wages / Earned Income,Recipient Failure to Report,Aged (65+),86,Louisiana,552.77,8073,3,No,No,486.82,Waiver Granted
IP-1158,2016,Overpayment,Living Arrangement,Recipient Failure to Report,Disabled (Adult 18-64),25,South Carolina,345.52,3413.39,18,Yes,No,54.88,Direct Billing
IP-1159,2016,Overpayment,Living Arrangement,Representative Payee Failure to Report,Disabled (Adult 18-64),57,Indiana,325.09,6598.45,29,No,No,69.99,Repayment Plan
IP-1160,2016,Overpayment,Wages / Earned Income,Recipient Failure to Report,Disabled (Adult 18-64),61,Virginia,781.4,7643.84,29,No,No,33.73,Waiver Granted
IP-1161,2016,Overpayment,Unearned Income,Recipient Failure to Report,Aged (65+),81,Wisconsin,662.72,7244.01,12,No,Yes,91.09,Direct Billing
IP-1162,2016,Overpayment,Deemed Income (Spouse/Parent),Recipient Failure to Report,Disabled (Adult 18-64),53,South Carolina,472.5,4731.48,24,No,No,41.72,Benefit Withholding
IP-1163,2016,Overpayment,Wages / Earned Income,Representative Payee Failure to Report,Disabled (Adult 18-64),22,Mississippi,680.01,4492.13,27,No,No,24.47,Benefit Withholding
IP-1164,2016,Overpayment,Living Arrangement,Recipient Failure to Report,Aged (65+),69,Wyoming,647.62,4708.51,12,No,No,60.59,Benefit Withholding
IP-1165,2016,Overpayment,Real Property,Recipient Failure to Report,Disabled (Adult 18-64),51,New Jersey,401.73,2776.48,15,No,Yes,46.08,Waiver Granted
IP-1166,2016,Overpayment,Wages / Earned Income,Recipient Failure to Report,Disabled (Child Under 18),15,Maine,254.47,2608.87,35,No,No,29.29,Pending
IP-1167,2016,Overpayment,Wages / Earned Income,SSA Processing Delay,Aged (65+),65,Idaho,681.11,2902.89,3,Yes,Yes,142.07,Pending
IP-1168,2016,Overpayment,Financial Accounts / Resources,Representative Payee Failure to Report,Disabled (Adult 18-64),52,Hawaii,718.29,5449.48,32,No,No,23.71,Waiver Granted
IP-1169,2016,Overpayment,Living Arrangement,Representative Payee Failure to Report,Aged (65+),78,Wisconsin,292.16,3882.45,4,No,No,332.22,Direct Billing
IP-1170,2016,Overpayment,Financial Accounts / Resources,SSA Computation Error,Disabled (Adult 18-64),26,Minnesota,768.64,6253.99,23,No,No,35.38,Pending
IP-1171,2016,Overpayment,Wages / Earned Income,Recipient Failure to Report,Disabled (Adult 18-64),42,Connecticut,229.5,2144.91,7,No,Yes,133.51,Direct Billing
IP-1172,2016,Overpayment,Real Property,SSA Processing Delay,Disabled (Child Under 18),12,Washington,780.65,6498.38,32,No,No,26.01,Repayment Plan
IP-1173,2016,Overpayment,Wages / Earned Income,Recipient Failure to Report,Disabled (Child Under 18),9,Massachusetts,228.37,1867.97,23,No,No,35.56,Repayment Plan
IP-1174,2016,Overpayment,Financial Accounts / Resources,Recipient Failure to Report,Disabled (Adult 18-64),41,Georgia,645.33,7506.75,24,Yes,No,48.47,Benefit Withholding
IP-1175,2016,Overpayment,In-Kind Support and Maintenance (ISM),Representative Payee Failure to Report,Disabled (Adult 18-64),35,Pennsylvania,645.65,3314.65,29,Yes,Yes,17.7,Benefit Withholding
IP-1176,2016,Overpayment,Living Arrangement,Recipient Failure to Report,Aged (65+),77,South Carolina,551.24,6429.46,13,Yes,Yes,89.72,Benefit Withholding
IP-1177,2016,Overpayment,Wages / Earned Income,Recipient Failure to Report,Disabled (Adult 18-64),57,Iowa,281.49,1308.55,33,No,Yes,14.09,Repayment Plan
IP-1178,2016,Overpayment,Undetermined / Multiple Factors,Recipient Failure to Report,Aged (65+),87,Colorado,510.35,4336.81,33,No,No,25.75,Benefit Withholding
IP-1179,2016,Overpayment,Financial Accounts / Resources,Deemor Failure to Report,Aged (65+),73,West Virginia,548,2649.88,2,No,No,241.78,Benefit Withholding
IP-1180,2016,Overpayment,In-Kind Support and Maintenance (ISM),Representative Payee Failure to Report,Disabled (Adult 18-64),61,Hawaii,286.15,6595.42,25,No,Yes,92.2,Pending
IP-1181,2016,Overpayment,Undetermined / Multiple Factors,Recipient Failure to Report,Disabled (Adult 18-64),44,Minnesota,602.56,3588.69,27,No,No,22.06,Benefit Withholding
IP-1182,2016,Overpayment,Unearned Income,Representative Payee Failure to Report,Disabled (Adult 18-64),29,Rhode Island,382.92,4092.23,25,No,No,42.75,Waiver Granted
IP-1183,2016,Overpayment,In-Kind Support and Maintenance (ISM),SSA Computation Error,Aged (65+),71,Montana,555.67,5485.96,17,No,No,58.07,Pending
IP-1184,2016,Overpayment,Financial Accounts / Resources,Deemor Failure to Report,Disabled (Child Under 18),12,Wyoming,602.41,2492.08,14,No,No,29.55,Waiver Granted
IP-1185,2016,Overpayment,In-Kind Support and Maintenance (ISM),SSA Processing Delay,Disabled (Child Under 18),11,Maryland,421.36,1079.84,35,No,Yes,7.32,Waiver Granted
IP-1186,2016,Overpayment,Wages / Earned Income,Recipient Failure to Report,Disabled (Child Under 18),13,Connecticut,324.75,5592.96,31,No,No,55.56,Waiver Granted
IP-1187,2016,Overpayment,Wages / Earned Income,Representative Payee Failure to Report,Aged (65+),72,Massachusetts,331.57,478.97,34,Yes,Yes,4.25,Repayment Plan
IP-1188,2016,Overpayment,Financial Accounts / Resources,Representative Payee Failure to Report,Disabled (Adult 18-64),28,Georgia,770.12,93.78,36,No,No,0.34,Repayment Plan
IP-1189,2016,Overpayment,Living Arrangement,Deemor Failure to Report,Disabled (Adult 18-64),23,Minnesota,729.33,2461.76,4,No,No,84.38,Benefit Withholding
IP-1190,2016,Overpayment,SSA Administrative / Computation Error,SSA Computation Error,Disabled (Adult 18-64),43,Virginia,781.35,7941.65,3,No,Yes,338.8,Waiver Granted
IP-1191,2016,Overpayment,SSA Administrative / Computation Error,Representative Payee Failure to Report,Disabled (Adult 18-64),59,Illinois,365.9,7895.44,22,No,Yes,98.08,Pending
IP-1192,2016,Overpayment,Living Arrangement,Recipient Failure to Report,Disabled (Adult 18-64),18,New Jersey,618.94,6227.96,17,No,No,59.19,Pending
IP-1193,2016,Overpayment,Unearned Income,Representative Payee Failure to Report,Disabled (Adult 18-64),23,Maine,500.41,7630.01,28,No,No,54.46,Benefit Withholding
IP-1194,2016,Overpayment,Wages / Earned Income,Recipient Failure to Report,Disabled (Adult 18-64),35,Massachusetts,337.31,107.71,25,No,No,1.28,Pending
IP-1195,2016,Overpayment,Unearned Income,Representative Payee Failure to Report,Disabled (Adult 18-64),28,Delaware,471.33,2046.76,8,No,No,54.28,Pending
IP-1196,2016,Overpayment,SSA Administrative / Computation Error,SSA Processing Delay,Blind,36,Delaware,414.28,1042.16,19,No,Yes,13.24,Repayment Plan
IP-1197,2016,Overpayment,Wages / Earned Income,Representative Payee Failure to Report,Aged (65+),90,Oregon,641.54,5981.4,31,No,Yes,30.08,Pending
IP-1198,2016,Overpayment,SSA Administrative / Computation Error,Recipient Failure to Report,Disabled (Adult 18-64),53,South Dakota,236,3107.08,8,No,No,164.57,Pending
IP-1199,2016,Overpayment,Wages / Earned Income,Recipient Failure to Report,Disabled (Adult 18-64),50,Michigan,253.02,5798.49,32,No,Yes,71.62,Repayment Plan
IP-1200,2016,Overpayment,Wages / Earned Income,Representative Payee Failure to Report,Disabled (Adult 18-64),43,New Mexico,621.67,3957.1,20,No,Yes,31.83,Direct Billing
IP-1201,2016,Overpayment,In-Kind Support and Maintenance (ISM),Recipient Failure to Report,Disabled (Adult 18-64),22,Pennsylvania,744.86,4622.83,4,No,Yes,155.16,Waiver Granted
IP-1202,2016,Overpayment,Living Arrangement,SSA Processing Delay,Aged (65+),77,North Dakota,418.31,5507.69,27,No,No,48.76,Repayment Plan
IP-1203,2016,Overpayment,Wages / Earned Income,SSA Computation Error,Disabled (Child Under 18),13,Georgia,269.16,5572.36,23,No,No,90.01,Direct Billing
IP-1204,2016,Overpayment,Unearned Income,Recipient Failure to Report,Disabled (Adult 18-64),52,Texas,592.65,8318.25,30,No,No,46.79,Repayment Plan
IP-1205,2016,Overpayment,Real Property,Recipient Failure to Report,Disabled (Adult 18-64),60,Missouri,218.78,1642.66,8,No,No,93.85,Benefit Withholding
IP-1206,2016,Overpayment,Financial Accounts / Resources,Representative Payee Failure to Report,Disabled (Adult 18-64),20,Connecticut,342.68,5101.28,4,No,No,372.16,Direct Billing
IP-1207,2016,Overpayment,In-Kind Support and Maintenance (ISM),SSA Processing Delay,Aged (65+),88,Georgia,336.52,4307.92,19,No,No,67.38,Pending
IP-1208,2016,Underpayment,Unearned Income,Recipient Failure to Report,Aged (65+),74,North Carolina,328.87,2957.37,17,No,Yes,52.9,Pending Adjustment
IP-1209,2016,Underpayment,Financial Accounts / Resources,Recipient Failure to Report,Disabled (Adult 18-64),38,Alabama,658.12,2825.93,13,No,No,33.03,Pending Adjustment
IP-1210,2016,Underpayment,Living Arrangement,Recipient Failure to Report,Disabled (Adult 18-64),27,Massachusetts,699.95,2551.04,10,No,Yes,36.45,N/A
IP-1211,2016,Underpayment,Deemed Income (Spouse/Parent),Recipient Failure to Report,Aged (65+),79,Massachusetts,577.03,779.89,11,No,Yes,12.29,Pending Adjustment
IP-1212,2016,Underpayment,Wages / Earned Income,Representative Payee Failure to Report,Disabled (Adult 18-64),55,New York,669.11,2623.39,7,No,No,56.01,Pending Adjustment
IP-1213,2016,Underpayment,SSA Administrative / Computation Error,Deemor Failure to Report,Disabled (Adult 18-64),25,California,760.89,651.19,7,No,Yes,12.23,Pending Adjustment
IP-1214,2016,Underpayment,Living Arrangement,Recipient Failure to Report,Disabled (Adult 18-64),37,Maryland,578.2,1154.37,18,No,No,11.09,N/A
IP-1215,2016,Underpayment,In-Kind Support and Maintenance (ISM),SSA Processing Delay,Aged (65+),78,Vermont,416.12,2522.4,7,Yes,No,86.6,Pending Adjustment
IP-1216,2016,Underpayment,Unearned Income,Representative Payee Failure to Report,Disabled (Adult 18-64),30,West Virginia,372.1,1745.85,14,No,Yes,33.51,N/A
IP-1217,2016,Underpayment,In-Kind Support and Maintenance (ISM),Representative Payee Failure to Report,Disabled (Adult 18-64),59,Montana,763.47,1025.94,16,No,No,8.4,Pending Adjustment
IP-1218,2016,Underpayment,Unearned Income,Recipient Failure to Report,Disabled (Adult 18-64),21,Nevada,777.36,1475.18,18,Yes,Yes,10.54,Retroactive Payment Made
IP-1219,2016,Underpayment,Unearned Income,SSA Computation Error,Disabled (Adult 18-64),50,Arizona,205.33,222.54,5,No,No,21.68,Retroactive Payment Made
IP-1220,2016,Underpayment,Financial Accounts / Resources,Representative Payee Failure to Report,Aged (65+),82,Mississippi,203.86,1984.67,1,No,Yes,973.55,Retroactive Payment Made
IP-1221,2016,Underpayment,In-Kind Support and Maintenance (ISM),Deemor Failure to Report,Disabled (Adult 18-64),29,Texas,670,1516.6,14,Yes,Yes,16.17,Pending Adjustment
IP-1222,2016,Underpayment,Wages / Earned Income,Recipient Failure to Report,Aged (65+),77,Alabama,246.07,816.63,13,No,No,25.53,Pending Adjustment
IP-1223,2016,Underpayment,Deemed Income (Spouse/Parent),Representative Payee Failure to Report,Disabled (Adult 18-64),42,Ohio,254.51,1968.13,2,No,No,386.65,N/A
IP-1224,2016,Underpayment,Wages / Earned Income,Recipient Failure to Report,Disabled (Adult 18-64),24,Arkansas,529.89,2539.08,11,Yes,Yes,43.56,Pending Adjustment
IP-1225,2016,Underpayment,SSA Administrative / Computation Error,Representative Payee Failure to Report,Aged (65+),73,Missouri,599.02,158.75,3,Yes,Yes,8.83,Benefit Restored
IP-1226,2016,Underpayment,Wages / Earned Income,Recipient Failure to Report,Disabled (Adult 18-64),54,South Dakota,374.48,2466.29,3,No,No,219.53,N/A
IP-1227,2016,Underpayment,Financial Accounts / Resources,Recipient Failure to Report,Aged (65+),76,Alaska,491.96,437.05,3,Yes,Yes,29.61,N/A
IP-1228,2016,Underpayment,Wages / Earned Income,Representative Payee Failure to Report,Disabled (Adult 18-64),38,Hawaii,764.88,2865.48,13,Yes,No,28.82,Benefit Restored
IP-1229,2016,Underpayment,Unearned Income,Recipient Failure to Report,Disabled (Adult 18-64),55,New Mexico,308.29,2824.61,14,No,Yes,65.44,Benefit Restored
IP-1230,2016,Underpayment,Unearned Income,Recipient Failure to Report,Aged (65+),75,North Carolina,631.22,1152.4,5,No,Yes,36.51,Retroactive Payment Made
IP-1231,2016,Underpayment,Wages / Earned Income,Recipient Failure to Report,Disabled (Adult 18-64),46,Missouri,309.25,324.65,3,No,Yes,34.99,Retroactive Payment Made
IP-1232,2017,Overpayment,In-Kind Support and Maintenance (ISM),SSA Processing Delay,Aged (65+),67,Louisiana,426.09,154.28,27,No,No,1.34,Pending
IP-1233,2017,Overpayment,Wages / Earned Income,Recipient Failure to Report,Disabled (Adult 18-64),45,Wisconsin,236.88,2318.04,10,No,No,97.86,Waiver Granted
IP-1234,2017,Overpayment,Living Arrangement,Recipient Failure to Report,Disabled (Adult 18-64),30,Massachusetts,546.19,6141.6,32,No,Yes,35.14,Direct Billing
IP-1235,2017,Overpayment,Financial Accounts / Resources,Recipient Failure to Report,Disabled (Child Under 18),11,Hawaii,456.65,3260.07,22,No,No,32.45,Waiver Granted
IP-1236,2017,Overpayment,In-Kind Support and Maintenance (ISM),Recipient Failure to Report,Aged (65+),87,Virginia,369.91,8200.66,21,No,No,105.57,Direct Billing
IP-1237,2017,Overpayment,Financial Accounts / Resources,SSA Processing Delay,Disabled (Adult 18-64),52,South Carolina,545.27,1012.35,13,No,No,14.28,Pending
IP-1238,2017,Overpayment,Wages / Earned Income,Deemor Failure to Report,Aged (65+),67,Tennessee,684.64,3754.94,19,No,No,28.87,Repayment Plan
IP-1239,2017,Overpayment,Wages / Earned Income,Recipient Failure to Report,Disabled (Adult 18-64),56,North Carolina,243.12,6093.75,25,No,No,100.26,Repayment Plan
IP-1240,2017,Overpayment,In-Kind Support and Maintenance (ISM),SSA Computation Error,Disabled (Child Under 18),17,Oregon,609.05,4643.8,24,Yes,Yes,31.77,Direct Billing
IP-1241,2017,Overpayment,Unearned Income,Representative Payee Failure to Report,Disabled (Adult 18-64),39,New York,763.65,4809.21,26,No,Yes,24.22,Benefit Withholding
IP-1242,2017,Overpayment,Wages / Earned Income,SSA Processing Delay,Disabled (Adult 18-64),43,New Mexico,459.89,4955.38,15,No,No,71.83,Pending
IP-1243,2017,Overpayment,Unearned Income,Deemor Failure to Report,Disabled (Adult 18-64),23,Mississippi,736.68,933.44,27,Yes,No,4.69,Direct Billing
IP-1244,2017,Overpayment,Financial Accounts / Resources,SSA Processing Delay,Disabled (Adult 18-64),64,Utah,256.91,4130.72,31,No,No,51.87,Benefit Withholding
IP-1245,2017,Overpayment,Financial Accounts / Resources,Recipient Failure to Report,Aged (65+),88,Colorado,742.14,5525.35,11,No,No,67.68,Direct Billing
IP-1246,2017,Overpayment,In-Kind Support and Maintenance (ISM),Recipient Failure to Report,Disabled (Adult 18-64),29,Iowa,567.15,2009.18,26,No,No,13.63,Benefit Withholding
IP-1247,2017,Overpayment,Deemed Income (Spouse/Parent),Recipient Failure to Report,Blind,26,Oklahoma,319.97,3335.66,14,Yes,No,74.46,Direct Billing
IP-1248,2017,Overpayment,Financial Accounts / Resources,Recipient Failure to Report,Disabled (Adult 18-64),38,Rhode Island,763.13,7339.28,34,No,No,28.29,Repayment Plan
IP-1249,2017,Overpayment,In-Kind Support and Maintenance (ISM),SSA Computation Error,Disabled (Adult 18-64),55,Hawaii,735.59,1507.86,20,Yes,No,10.25,Direct Billing
IP-1250,2017,Overpayment,Financial Accounts / Resources,Recipient Failure to Report,Disabled (Adult 18-64),56,South Carolina,426.47,5909.54,33,No,No,41.99,Repayment Plan
IP-1251,2017,Overpayment,Living Arrangement,Recipient Failure to Report,Disabled (Adult 18-64),49,New Hampshire,523.51,7914.37,12,No,Yes,125.98,Direct Billing
IP-1252,2017,Overpayment,Financial Accounts / Resources,Recipient Failure to Report,Disabled (Adult 18-64),42,Alabama,279.6,8093.06,32,No,No,90.45,Repayment Plan
IP-1253,2017,Overpayment,Living Arrangement,Recipient Failure to Report,Aged (65+),73,Ohio,370.29,4827.61,15,No,No,86.92,Waiver Granted
IP-1254,2017,Overpayment,Wages / Earned Income,SSA Processing Delay,Disabled (Adult 18-64),25,Wyoming,266,4235.4,33,No,No,48.25,Waiver Granted
IP-1255,2017,Overpayment,In-Kind Support and Maintenance (ISM),SSA Processing Delay,Aged (65+),85,Connecticut,259.71,4666.69,28,No,No,64.17,Benefit Withholding
IP-1256,2017,Overpayment,Living Arrangement,SSA Processing Delay,Disabled (Adult 18-64),33,Connecticut,652.19,7361.7,8,No,No,141.1,Pending
IP-1257,2017,Overpayment,Unearned Income,Representative Payee Failure to Report,Blind,35,Oklahoma,657.57,1452.54,9,Yes,No,24.54,Waiver Granted
IP-1258,2017,Overpayment,In-Kind Support and Maintenance (ISM),Recipient Failure to Report,Aged (65+),81,South Dakota,755.25,2522.76,18,Yes,Yes,18.56,Repayment Plan
IP-1259,2017,Overpayment,SSA Administrative / Computation Error,SSA Computation Error,Disabled (Child Under 18),16,Georgia,345.56,5977.05,9,No,Yes,192.19,Repayment Plan
IP-1260,2017,Overpayment,Living Arrangement,Recipient Failure to Report,Aged (65+),89,Oregon,569.4,3220.21,5,Yes,No,113.11,Pending
IP-1261,2017,Overpayment,Deemed Income (Spouse/Parent),SSA Computation Error,Aged (65+),89,Iowa,539.28,8079.65,21,Yes,No,71.34,Repayment Plan
IP-1262,2017,Overpayment,Unearned Income,SSA Computation Error,Aged (65+),71,District of Columbia,764.42,4565.89,14,No,No,42.66,Waiver Granted
IP-1263,2017,Overpayment,Real Property,Representative Payee Failure to Report,Disabled (Adult 18-64),21,Nebraska,721.29,7252.97,22,Yes,Yes,45.71,Repayment Plan
IP-1264,2017,Overpayment,Wages / Earned Income,Recipient Failure to Report,Disabled (Child Under 18),16,Iowa,317.95,55.71,28,No,No,0.63,Waiver Granted
IP-1265,2017,Overpayment,Wages / Earned Income,Recipient Failure to Report,Disabled (Child Under 18),15,New Hampshire,416.78,3095.68,6,No,Yes,123.79,Repayment Plan
IP-1266,2017,Overpayment,In-Kind Support and Maintenance (ISM),SSA Processing Delay,Aged (65+),80,Oklahoma,200.63,5588.85,7,Yes,Yes,397.95,Pending
IP-1267,2017,Overpayment,Financial Accounts / Resources,Recipient Failure to Report,Aged (65+),78,Delaware,776.09,2953.2,8,No,No,47.57,Benefit Withholding
IP-1268,2017,Overpayment,Financial Accounts / Resources,SSA Processing Delay,Disabled (Adult 18-64),26,Illinois,279.95,2697.82,20,No,Yes,48.18,Pending
IP-1269,2017,Overpayment,In-Kind Support and Maintenance (ISM),Recipient Failure to Report,Aged (65+),84,Alabama,736.3,6154.55,10,No,Yes,83.59,Benefit Withholding
IP-1270,2017,Overpayment,SSA Administrative / Computation Error,Recipient Failure to Report,Disabled (Adult 18-64),26,North Dakota,383.36,3295.07,28,No,No,30.7,Benefit Withholding
IP-1271,2017,Overpayment,Financial Accounts / Resources,SSA Processing Delay,Aged (65+),86,Maryland,694.32,6632.29,2,No,Yes,477.61,Pending
IP-1272,2017,Overpayment,In-Kind Support and Maintenance (ISM),Recipient Failure to Report,Disabled (Adult 18-64),25,New Hampshire,488.52,511.11,16,No,No,6.54,Pending
IP-1273,2017,Overpayment,Wages / Earned Income,Recipient Failure to Report,Blind,58,South Carolina,425.53,7941.66,9,No,No,207.37,Pending
IP-1274,2017,Overpayment,Unearned Income,Deemor Failure to Report,Aged (65+),71,Wyoming,208.04,666.78,5,Yes,Yes,64.1,Repayment Plan
IP-1275,2017,Overpayment,Living Arrangement,Recipient Failure to Report,Aged (65+),82,Oregon,248.06,3629.21,26,No,No,56.27,Benefit Withholding
IP-1276,2017,Overpayment,Financial Accounts / Resources,Recipient Failure to Report,Disabled (Adult 18-64),59,North Carolina,541.89,4582.5,26,Yes,No,32.53,Repayment Plan
IP-1277,2017,Overpayment,Unearned Income,Recipient Failure to Report,Aged (65+),84,Ohio,464.32,7863.1,8,Yes,No,211.68,Direct Billing
IP-1278,2017,Overpayment,Wages / Earned Income,Representative Payee Failure to Report,Aged (65+),90,New Jersey,504.91,4244.69,23,No,Yes,36.55,Waiver Granted
IP-1279,2017,Overpayment,Wages / Earned Income,Recipient Failure to Report,Aged (65+),78,Michigan,395.31,6568.59,2,No,No,830.82,Benefit Withholding
IP-1280,2017,Overpayment,Financial Accounts / Resources,Representative Payee Failure to Report,Disabled (Child Under 18),14,Arkansas,232.32,3896.42,24,No,No,69.88,Direct Billing
IP-1281,2017,Overpayment,Financial Accounts / Resources,Representative Payee Failure to Report,Disabled (Adult 18-64),18,North Dakota,201.5,1024.57,33,No,Yes,15.41,Repayment Plan
IP-1282,2017,Overpayment,Financial Accounts / Resources,Recipient Failure to Report,Disabled (Child Under 18),8,New York,330.89,4721.71,27,No,No,52.85,Waiver Granted
IP-1283,2017,Overpayment,Financial Accounts / Resources,Recipient Failure to Report,Disabled (Adult 18-64),51,Kansas,304.56,5739.6,4,Yes,No,471.14,Benefit Withholding
IP-1284,2017,Overpayment,SSA Administrative / Computation Error,SSA Processing Delay,Blind,45,Wisconsin,466.28,2815.69,36,No,No,16.77,Pending
IP-1285,2017,Overpayment,Deemed Income (Spouse/Parent),Recipient Failure to Report,Aged (65+),89,South Carolina,781.71,5049.79,32,No,No,20.19,Pending
IP-1286,2017,Overpayment,Deemed Income (Spouse/Parent),Recipient Failure to Report,Disabled (Adult 18-64),62,Oregon,401.97,252.04,35,Yes,No,1.79,Benefit Withholding
IP-1287,2017,Overpayment,Deemed Income (Spouse/Parent),SSA Processing Delay,Disabled (Adult 18-64),44,Wisconsin,773.16,928.37,34,No,Yes,3.53,Direct Billing
IP-1288,2017,Overpayment,Unearned Income,Deemor Failure to Report,Disabled (Adult 18-64),23,Utah,467.28,3540.33,24,Yes,No,31.57,Direct Billing
IP-1289,2017,Overpayment,Unearned Income,Representative Payee Failure to Report,Disabled (Adult 18-64),34,Florida,338.04,3725.61,9,No,No,122.46,Waiver Granted
IP-1290,2017,Overpayment,Financial Accounts / Resources,Recipient Failure to Report,Disabled (Adult 18-64),28,Washington,290.6,1200.15,7,No,No,59,Waiver Granted
IP-1291,2017,Overpayment,Living Arrangement,Deemor Failure to Report,Disabled (Adult 18-64),25,Tennessee,354.5,3868.7,30,Yes,Yes,36.38,Waiver Granted
IP-1292,2017,Overpayment,Real Property,Recipient Failure to Report,Aged (65+),77,Minnesota,764.58,1303.34,16,Yes,No,10.65,Waiver Granted
IP-1293,2017,Overpayment,Financial Accounts / Resources,Recipient Failure to Report,Disabled (Child Under 18),8,Kentucky,636.13,7271.38,36,Yes,No,31.75,Benefit Withholding
IP-1294,2017,Overpayment,Real Property,Recipient Failure to Report,Disabled (Adult 18-64),43,Wyoming,315.51,8352.69,9,No,No,294.15,Benefit Withholding
IP-1295,2017,Overpayment,In-Kind Support and Maintenance (ISM),SSA Processing Delay,Disabled (Adult 18-64),46,Texas,726.16,8476.01,13,No,Yes,89.79,Waiver Granted
IP-1296,2017,Overpayment,Wages / Earned Income,Recipient Failure to Report,Disabled (Child Under 18),11,Nebraska,489.24,3710.17,26,No,Yes,29.17,Waiver Granted
IP-1297,2017,Overpayment,Financial Accounts / Resources,Recipient Failure to Report,Disabled (Adult 18-64),49,North Carolina,577.36,342.79,16,No,No,3.71,Repayment Plan
IP-1298,2017,Overpayment,Wages / Earned Income,Recipient Failure to Report,Disabled (Adult 18-64),52,Washington,345.25,5480.41,34,Yes,No,46.69,Waiver Granted
IP-1299,2017,Overpayment,Living Arrangement,Recipient Failure to Report,Aged (65+),65,Nebraska,357.66,4295.22,25,No,No,48.04,Direct Billing
IP-1300,2017,Overpayment,Wages / Earned Income,Recipient Failure to Report,Aged (65+),68,Mississippi,767.83,4523.7,15,No,No,39.28,Direct Billing
IP-1301,2017,Overpayment,Financial Accounts / Resources,Deemor Failure to Report,Aged (65+),90,Florida,535.63,6506.22,15,No,No,80.98,Direct Billing
IP-1302,2017,Overpayment,Wages / Earned Income,SSA Processing Delay,Aged (65+),76,Delaware,610.11,3081.72,2,No,No,252.55,Direct Billing
IP-1303,2017,Overpayment,Real Property,Deemor Failure to Report,Aged (65+),66,Nevada,222.13,2661.5,32,No,No,37.44,Direct Billing
IP-1304,2017,Overpayment,Wages / Earned Income,Recipient Failure to Report,Disabled (Adult 18-64),29,Hawaii,398.66,1752.37,9,No,Yes,48.84,Benefit Withholding
IP-1305,2017,Overpayment,Wages / Earned Income,Recipient Failure to Report,Aged (65+),76,Michigan,760.01,7202.76,24,No,No,39.49,Benefit Withholding
IP-1306,2017,Overpayment,Financial Accounts / Resources,Deemor Failure to Report,Disabled (Adult 18-64),29,North Dakota,578.47,8066.46,32,No,Yes,43.58,Pending
IP-1307,2017,Overpayment,Real Property,SSA Processing Delay,Disabled (Adult 18-64),54,Maryland,753.14,1126.09,1,No,No,149.52,Benefit Withholding
IP-1308,2017,Overpayment,Wages / Earned Income,SSA Processing Delay,Disabled (Adult 18-64),27,Hawaii,746.09,1916.56,7,No,No,36.7,Benefit Withholding
IP-1309,2017,Overpayment,Financial Accounts / Resources,Recipient Failure to Report,Disabled (Child Under 18),9,Ohio,460.39,6993.04,22,No,Yes,69.04,Benefit Withholding
IP-1310,2017,Overpayment,Financial Accounts / Resources,SSA Processing Delay,Aged (65+),78,Florida,764.99,3311.17,27,No,No,16.03,Waiver Granted
IP-1311,2017,Overpayment,In-Kind Support and Maintenance (ISM),Recipient Failure to Report,Disabled (Adult 18-64),22,Nebraska,294.83,5550.69,15,Yes,No,125.51,Benefit Withholding
IP-1312,2017,Overpayment,Financial Accounts / Resources,Recipient Failure to Report,Disabled (Child Under 18),13,New Jersey,626.75,7553.02,11,Yes,No,109.56,Pending
IP-1313,2017,Overpayment,Undetermined / Multiple Factors,Representative Payee Failure to Report,Disabled (Child Under 18),11,Oklahoma,554.07,8013.64,11,No,Yes,131.48,Benefit Withholding
IP-1314,2017,Underpayment,Living Arrangement,Recipient Failure to Report,Disabled (Child Under 18),9,New Mexico,354.65,2171.67,18,No,Yes,34.02,Retroactive Payment Made
IP-1315,2017,Underpayment,Wages / Earned Income,SSA Computation Error,Aged (65+),74,North Carolina,449.29,182.42,1,No,Yes,40.6,Retroactive Payment Made
IP-1316,2017,Underpayment,Wages / Earned Income,Recipient Failure to Report,Disabled (Adult 18-64),43,Ohio,379.77,1431.24,4,No,No,94.22,Benefit Restored
IP-1317,2017,Underpayment,Wages / Earned Income,Recipient Failure to Report,Aged (65+),79,Louisiana,226.01,1120.82,15,No,No,33.06,Pending Adjustment
IP-1318,2017,Underpayment,SSA Administrative / Computation Error,Recipient Failure to Report,Aged (65+),90,Delaware,589.53,2009.06,3,No,No,113.6,Pending Adjustment
IP-1319,2017,Underpayment,In-Kind Support and Maintenance (ISM),SSA Processing Delay,Aged (65+),72,Oregon,533.89,2897.57,16,No,No,33.92,Retroactive Payment Made
IP-1320,2017,Underpayment,Living Arrangement,Recipient Failure to Report,Aged (65+),89,Nebraska,270.12,2703.36,5,No,Yes,200.16,Pending Adjustment
IP-1321,2017,Underpayment,Deemed Income (Spouse/Parent),Recipient Failure to Report,Aged (65+),85,Oklahoma,317.72,253.54,14,No,No,5.7,Benefit Restored
IP-1322,2017,Underpayment,Living Arrangement,SSA Processing Delay,Aged (65+),73,Ohio,521.85,1176.54,13,No,Yes,17.34,N/A
IP-1323,2017,Underpayment,Wages / Earned Income,Representative Payee Failure to Report,Disabled (Adult 18-64),54,West Virginia,739.23,2279.96,4,Yes,No,77.11,Benefit Restored
IP-1324,2017,Underpayment,SSA Administrative / Computation Error,Representative Payee Failure to Report,Disabled (Adult 18-64),43,Nebraska,300.39,1834.71,2,No,No,305.39,N/A
IP-1325,2017,Underpayment,Wages / Earned Income,Recipient Failure to Report,Blind,45,Massachusetts,736.85,166.89,16,Yes,No,1.42,Benefit Restored
IP-1326,2017,Underpayment,Living Arrangement,SSA Computation Error,Aged (65+),88,Montana,278.35,312.69,8,No,No,14.04,Benefit Restored
IP-1327,2017,Underpayment,Unearned Income,Recipient Failure to Report,Aged (65+),89,Connecticut,631.97,649.94,14,No,Yes,7.35,Pending Adjustment
IP-1328,2017,Underpayment,Wages / Earned Income,Recipient Failure to Report,Aged (65+),71,Wyoming,301.29,2556.86,1,Yes,Yes,848.64,Retroactive Payment Made
IP-1329,2017,Underpayment,In-Kind Support and Maintenance (ISM),Representative Payee Failure to Report,Disabled (Child Under 18),15,Missouri,494.49,1117.69,15,Yes,No,15.07,Retroactive Payment Made
IP-1330,2017,Underpayment,Wages / Earned Income,Recipient Failure to Report,Disabled (Adult 18-64),34,Mississippi,400.7,1768.9,12,Yes,No,36.79,Retroactive Payment Made
IP-1331,2017,Underpayment,Living Arrangement,Representative Payee Failure to Report,Disabled (Adult 18-64),35,Tennessee,595.1,2574.19,8,No,No,54.07,Retroactive Payment Made
IP-1332,2017,Underpayment,SSA Administrative / Computation Error,Representative Payee Failure to Report,Disabled (Child Under 18),5,Mississippi,550.47,2736.32,6,No,No,82.85,Benefit Restored
IP-1333,2017,Underpayment,Unearned Income,Recipient Failure to Report,Aged (65+),79,Louisiana,346.92,2557.73,15,No,No,49.15,N/A
IP-1334,2017,Underpayment,In-Kind Support and Maintenance (ISM),Deemor Failure to Report,Disabled (Adult 18-64),24,South Carolina,374.01,1693.14,10,No,Yes,45.27,Benefit Restored
IP-1335,2017,Underpayment,Deemed Income (Spouse/Parent),SSA Computation Error,Aged (65+),81,Indiana,309.81,1975.24,10,No,Yes,63.76,N/A
IP-1336,2017,Underpayment,Financial Accounts / Resources,SSA Processing Delay,Aged (65+),78,New Hampshire,351.25,1502.17,10,No,No,42.77,Retroactive Payment Made
IP-1337,2017,Underpayment,In-Kind Support and Maintenance (ISM),SSA Processing Delay,Disabled (Child Under 18),15,Colorado,600.12,2185.12,8,No,No,45.51,Benefit Restored
IP-1338,2017,Underpayment,In-Kind Support and Maintenance (ISM),SSA Computation Error,Aged (65+),88,New Mexico,474.47,559.78,4,No,No,29.5,Pending Adjustment
IP-1339,2017,Underpayment,Deemed Income (Spouse/Parent),Representative Payee Failure to Report,Disabled (Child Under 18),10,Arizona,445.14,1078.74,10,No,No,24.23,Benefit Restored
IP-1340,2017,Underpayment,In-Kind Support and Maintenance (ISM),Recipient Failure to Report,Disabled (Adult 18-64),30,Maine,475.3,1759.05,3,Yes,No,123.36,N/A
IP-1341,2017,Underpayment,In-Kind Support and Maintenance (ISM),SSA Computation Error,Disabled (Adult 18-64),54,North Carolina,399.78,429.35,7,No,Yes,15.34,Benefit Restored
IP-1342,2017,Underpayment,SSA Administrative / Computation Error,Recipient Failure to Report,Disabled (Adult 18-64),21,Colorado,382.72,1900.48,6,Yes,No,82.76,Benefit Restored
IP-1343,2017,Underpayment,Wages / Earned Income,Representative Payee Failure to Report,Aged (65+),78,New Jersey,275.44,1478.94,3,No,No,178.98,N/A
IP-1344,2017,Underpayment,Deemed Income (Spouse/Parent),Recipient Failure to Report,Disabled (Adult 18-64),51,Washington,720.04,2197.36,1,No,Yes,305.17,Retroactive Payment Made
IP-1345,2018,Overpayment,Financial Accounts / Resources,Recipient Failure to Report,Blind,24,Illinois,297.37,3291,20,No,No,55.34,Repayment Plan
IP-1346,2018,Overpayment,Unearned Income,Recipient Failure to Report,Aged (65+),80,Montana,780.75,8461.74,22,No,Yes,49.26,Direct Billing
IP-1347,2018,Overpayment,Undetermined / Multiple Factors,Recipient Failure to Report,Disabled (Child Under 18),5,Arizona,323.12,1945.52,9,No,Yes,66.9,Waiver Granted
IP-1348,2018,Overpayment,Unearned Income,Recipient Failure to Report,Aged (65+),84,Maine,563.29,2211.42,35,Yes,No,11.22,Benefit Withholding
IP-1349,2018,Overpayment,Unearned Income,Representative Payee Failure to Report,Disabled (Adult 18-64),48,Oregon,519.07,3804.46,8,No,Yes,91.62,Benefit Withholding
IP-1350,2018,Overpayment,Financial Accounts / Resources,Representative Payee Failure to Report,Aged (65+),68,Missouri,444.18,5312.64,9,Yes,No,132.9,Benefit Withholding
IP-1351,2018,Overpayment,Deemed Income (Spouse/Parent),Representative Payee Failure to Report,Disabled (Adult 18-64),40,Wyoming,767.33,2272.3,34,No,No,8.71,Direct Billing
IP-1352,2018,Overpayment,Wages / Earned Income,Recipient Failure to Report,Disabled (Adult 18-64),23,Mississippi,207.43,2843.6,1,Yes,No,1370.87,Repayment Plan
IP-1353,2018,Overpayment,Wages / Earned Income,Recipient Failure to Report,Disabled (Adult 18-64),47,North Dakota,575.65,6164.22,17,No,No,62.99,Repayment Plan
IP-1354,2018,Overpayment,Wages / Earned Income,SSA Computation Error,Aged (65+),68,Maryland,448.36,3093.81,21,Yes,Yes,32.86,Benefit Withholding
IP-1355,2018,Overpayment,SSA Administrative / Computation Error,Recipient Failure to Report,Aged (65+),67,Alabama,712.15,7608.76,18,No,No,59.36,Direct Billing
IP-1356,2018,Overpayment,Wages / Earned Income,Recipient Failure to Report,Disabled (Adult 18-64),59,Louisiana,666.34,5879.68,31,No,Yes,28.46,Direct Billing
IP-1357,2018,Overpayment,Unearned Income,Deemor Failure to Report,Disabled (Adult 18-64),61,New Jersey,667.72,926.38,31,No,Yes,4.48,Pending
IP-1358,2018,Overpayment,Living Arrangement,Recipient Failure to Report,Disabled (Adult 18-64),49,Montana,481.64,7485.58,9,Yes,No,172.69,Repayment Plan
IP-1359,2018,Overpayment,Wages / Earned Income,Recipient Failure to Report,Disabled (Adult 18-64),54,South Dakota,647.47,7387.41,34,No,No,33.56,Waiver Granted
IP-1360,2018,Overpayment,In-Kind Support and Maintenance (ISM),Representative Payee Failure to Report,Aged (65+),86,Oklahoma,480.97,5641.48,16,No,Yes,73.31,Pending
IP-1361,2018,Overpayment,SSA Administrative / Computation Error,Recipient Failure to Report,Aged (65+),70,New Jersey,696.64,4322.05,31,Yes,No,20.01,Waiver Granted
IP-1362,2018,Overpayment,Financial Accounts / Resources,Recipient Failure to Report,Disabled (Child Under 18),8,Arizona,435.11,4701.69,25,Yes,No,43.22,Repayment Plan
IP-1363,2018,Overpayment,Real Property,SSA Computation Error,Disabled (Adult 18-64),19,Connecticut,634.47,2720.72,32,Yes,No,13.4,Repayment Plan
IP-1364,2018,Overpayment,Wages / Earned Income,SSA Computation Error,Aged (65+),82,District of Columbia,718.93,5155.52,20,No,No,35.86,Repayment Plan
IP-1365,2018,Overpayment,Undetermined / Multiple Factors,Recipient Failure to Report,Disabled (Adult 18-64),57,Arizona,526.57,7184.48,22,No,No,62.02,Waiver Granted
IP-1366,2018,Overpayment,Unearned Income,SSA Processing Delay,Disabled (Adult 18-64),36,Arizona,683.82,68.56,23,No,No,0.44,Benefit Withholding
IP-1367,2018,Overpayment,Wages / Earned Income,Recipient Failure to Report,Disabled (Adult 18-64),57,South Dakota,262.36,6324.22,27,No,Yes,89.28,Benefit Withholding
IP-1368,2018,Overpayment,Undetermined / Multiple Factors,Recipient Failure to Report,Disabled (Adult 18-64),44,District of Columbia,262.83,1660.39,22,Yes,No,28.72,Pending
IP-1369,2018,Overpayment,Wages / Earned Income,Recipient Failure to Report,Disabled (Child Under 18),5,West Virginia,761.93,8129.81,9,Yes,No,118.56,Repayment Plan
IP-1370,2018,Overpayment,Real Property,Recipient Failure to Report,Disabled (Adult 18-64),26,Virginia,625.88,5895.86,12,Yes,No,78.5,Pending
IP-1371,2018,Overpayment,In-Kind Support and Maintenance (ISM),SSA Computation Error,Disabled (Adult 18-64),39,Oregon,359.51,8326.78,16,No,No,144.76,Direct Billing
IP-1372,2018,Overpayment,Wages / Earned Income,SSA Computation Error,Aged (65+),87,Kansas,701.79,2575.82,36,No,Yes,10.2,Direct Billing
IP-1373,2018,Overpayment,In-Kind Support and Maintenance (ISM),Recipient Failure to Report,Disabled (Adult 18-64),62,Montana,493.77,1171.08,12,No,No,19.76,Benefit Withholding
IP-1374,2018,Overpayment,Deemed Income (Spouse/Parent),Representative Payee Failure to Report,Aged (65+),78,Rhode Island,366.7,6050.54,35,Yes,No,47.14,Benefit Withholding
IP-1375,2018,Overpayment,Wages / Earned Income,Representative Payee Failure to Report,Disabled (Adult 18-64),61,Washington,773.4,2305.97,11,No,Yes,27.11,Benefit Withholding
IP-1376,2018,Overpayment,Unearned Income,SSA Processing Delay,Disabled (Adult 18-64),61,New York,259.75,3080.87,29,No,No,40.9,Pending
IP-1377,2018,Overpayment,Living Arrangement,SSA Processing Delay,Disabled (Adult 18-64),42,Delaware,740.14,2480.55,4,No,No,83.79,Waiver Granted
IP-1378,2018,Overpayment,Undetermined / Multiple Factors,SSA Processing Delay,Disabled (Adult 18-64),58,Washington,683.88,5293.75,29,No,No,26.69,Pending
IP-1379,2018,Overpayment,Deemed Income (Spouse/Parent),SSA Processing Delay,Disabled (Adult 18-64),22,Washington,773.35,2535.8,12,No,Yes,27.32,Pending
IP-1380,2018,Overpayment,Wages / Earned Income,Recipient Failure to Report,Disabled (Adult 18-64),47,Indiana,203.29,1149.06,17,No,Yes,33.25,Direct Billing
IP-1381,2018,Overpayment,SSA Administrative / Computation Error,SSA Processing Delay,Aged (65+),83,Maine,485.99,5251.89,20,No,Yes,54.03,Waiver Granted
IP-1382,2018,Overpayment,In-Kind Support and Maintenance (ISM),Recipient Failure to Report,Disabled (Child Under 18),11,District of Columbia,516.62,4318.44,27,Yes,No,30.96,Direct Billing
IP-1383,2018,Overpayment,SSA Administrative / Computation Error,Recipient Failure to Report,Aged (65+),82,Maryland,476.84,1895.86,34,Yes,Yes,11.69,Waiver Granted
IP-1384,2018,Overpayment,Living Arrangement,Representative Payee Failure to Report,Disabled (Child Under 18),10,Hawaii,597.93,2110.34,3,No,Yes,117.65,Repayment Plan
IP-1385,2018,Overpayment,Financial Accounts / Resources,Recipient Failure to Report,Aged (65+),81,Utah,499.84,6996.82,24,No,No,58.33,Benefit Withholding
IP-1386,2018,Overpayment,Financial Accounts / Resources,Recipient Failure to Report,Aged (65+),89,Ohio,766.46,8062.39,11,Yes,No,95.63,Benefit Withholding
IP-1387,2018,Overpayment,Financial Accounts / Resources,Recipient Failure to Report,Aged (65+),87,Montana,319.85,3634.57,7,No,No,162.33,Benefit Withholding
IP-1388,2018,Overpayment,Deemed Income (Spouse/Parent),Recipient Failure to Report,Disabled (Adult 18-64),34,Colorado,231.64,370.14,5,Yes,No,31.96,Direct Billing
IP-1389,2018,Overpayment,SSA Administrative / Computation Error,Recipient Failure to Report,Disabled (Adult 18-64),25,Kentucky,427.08,3709.06,2,Yes,No,434.23,Pending
IP-1390,2018,Overpayment,Wages / Earned Income,Recipient Failure to Report,Aged (65+),90,Pennsylvania,261.88,3072.57,33,No,No,35.55,Benefit Withholding
IP-1391,2018,Overpayment,Financial Accounts / Resources,Recipient Failure to Report,Disabled (Child Under 18),7,Rhode Island,511.01,310.42,11,No,No,5.52,Waiver Granted
IP-1392,2018,Overpayment,Undetermined / Multiple Factors,Representative Payee Failure to Report,Disabled (Adult 18-64),18,District of Columbia,758.16,7377.32,24,No,Yes,40.54,Benefit Withholding
IP-1393,2018,Overpayment,Wages / Earned Income,Recipient Failure to Report,Aged (65+),85,Ohio,323.44,2624.64,23,No,Yes,35.28,Direct Billing
IP-1394,2018,Overpayment,Financial Accounts / Resources,Recipient Failure to Report,Aged (65+),82,Virginia,696.36,5719.76,4,No,No,205.34,Pending
IP-1395,2018,Overpayment,Wages / Earned Income,Recipient Failure to Report,Aged (65+),76,Washington,754.75,6181.23,32,No,No,25.59,Direct Billing
IP-1396,2018,Overpayment,Wages / Earned Income,Deemor Failure to Report,Aged (65+),74,Minnesota,559.33,4155.53,22,No,No,33.77,Pending
IP-1397,2018,Overpayment,Financial Accounts / Resources,Recipient Failure to Report,Disabled (Adult 18-64),59,California,615.21,2696.66,15,No,No,29.22,Waiver Granted
IP-1398,2018,Overpayment,Wages / Earned Income,SSA Computation Error,Aged (65+),68,Iowa,483.9,3813.27,20,No,No,39.4,Pending
IP-1399,2018,Overpayment,Wages / Earned Income,SSA Computation Error,Disabled (Adult 18-64),19,Nevada,624.09,1709.85,5,Yes,No,54.79,Pending
IP-1400,2018,Overpayment,Living Arrangement,Deemor Failure to Report,Aged (65+),89,New Mexico,475.24,2252.21,35,No,No,13.54,Repayment Plan
IP-1401,2018,Overpayment,Financial Accounts / Resources,SSA Processing Delay,Aged (65+),77,Maryland,497.57,1181.3,33,No,No,7.19,Benefit Withholding
IP-1402,2018,Overpayment,Unearned Income,SSA Processing Delay,Aged (65+),70,Hawaii,281.84,5831.17,33,No,No,62.7,Pending
IP-1403,2018,Overpayment,Unearned Income,SSA Processing Delay,Disabled (Child Under 18),12,Mississippi,327.57,7986.03,3,No,Yes,812.65,Waiver Granted
IP-1404,2018,Overpayment,Financial Accounts / Resources,Recipient Failure to Report,Disabled (Adult 18-64),20,District of Columbia,735.14,3102.57,31,Yes,No,13.61,Waiver Granted
IP-1405,2018,Overpayment,Wages / Earned Income,Representative Payee Failure to Report,Disabled (Child Under 18),14,Missouri,537.34,7104.67,17,No,No,77.78,Repayment Plan
IP-1406,2018,Overpayment,Financial Accounts / Resources,SSA Computation Error,Aged (65+),76,Utah,501.04,2175.91,15,No,No,28.95,Repayment Plan
IP-1407,2018,Overpayment,SSA Administrative / Computation Error,SSA Computation Error,Disabled (Adult 18-64),35,Connecticut,499.98,1449.37,5,No,Yes,57.98,Direct Billing
IP-1408,2018,Overpayment,Wages / Earned Income,SSA Processing Delay,Aged (65+),80,Rhode Island,619.91,1996.43,22,No,No,14.64,Direct Billing
IP-1409,2018,Overpayment,In-Kind Support and Maintenance (ISM),Recipient Failure to Report,Aged (65+),81,Massachusetts,278.54,414.57,11,Yes,No,13.53,Direct Billing
IP-1410,2018,Overpayment,Wages / Earned Income,Recipient Failure to Report,Disabled (Adult 18-64),64,Kentucky,712.17,5114.57,2,No,Yes,359.08,Direct Billing
IP-1411,2018,Overpayment,Living Arrangement,SSA Computation Error,Disabled (Child Under 18),17,New Jersey,550.29,1903.62,27,No,No,12.81,Pending
IP-1412,2018,Overpayment,Financial Accounts / Resources,Recipient Failure to Report,Aged (65+),77,Iowa,333.98,5090.71,5,No,Yes,304.85,Benefit Withholding
IP-1413,2018,Overpayment,Wages / Earned Income,Recipient Failure to Report,Aged (65+),84,Oregon,303.44,7034.04,7,Yes,No,331.16,Pending
IP-1414,2018,Overpayment,Deemed Income (Spouse/Parent),Representative Payee Failure to Report,Disabled (Adult 18-64),61,Idaho,722.93,4606.97,1,No,No,637.26,Repayment Plan
IP-1415,2018,Overpayment,Living Arrangement,Recipient Failure to Report,Disabled (Adult 18-64),42,Arizona,660.31,7979.66,31,No,No,38.98,Pending
IP-1416,2018,Overpayment,Wages / Earned Income,Recipient Failure to Report,Disabled (Adult 18-64),52,Arizona,365.14,7740.22,6,No,No,353.3,Direct Billing
IP-1417,2018,Overpayment,Wages / Earned Income,Recipient Failure to Report,Aged (65+),71,Utah,418.64,1045.65,1,No,No,249.77,Waiver Granted
IP-1418,2018,Overpayment,Wages / Earned Income,Representative Payee Failure to Report,Disabled (Adult 18-64),57,Indiana,529.2,7274.56,28,No,No,49.09,Repayment Plan
IP-1419,2018,Overpayment,Deemed Income (Spouse/Parent),SSA Processing Delay,Disabled (Adult 18-64),34,Mississippi,523.51,1560.18,36,No,No,8.28,Waiver Granted
IP-1420,2018,Overpayment,Deemed Income (Spouse/Parent),Recipient Failure to Report,Disabled (Adult 18-64),62,Rhode Island,460.36,1056.27,15,No,Yes,15.3,Direct Billing
IP-1421,2018,Overpayment,Living Arrangement,SSA Processing Delay,Aged (65+),85,Hawaii,293.71,5940.14,4,Yes,Yes,505.61,Direct Billing
IP-1422,2018,Overpayment,Living Arrangement,Recipient Failure to Report,Aged (65+),88,Indiana,555.06,1923.96,6,No,No,57.77,Pending
IP-1423,2018,Overpayment,Unearned Income,Deemor Failure to Report,Disabled (Adult 18-64),46,Florida,573.29,8041.3,12,Yes,Yes,116.89,Pending
IP-1424,2018,Overpayment,Financial Accounts / Resources,Representative Payee Failure to Report,Disabled (Adult 18-64),41,Utah,592.96,5951.9,11,No,No,91.25,Benefit Withholding
IP-1425,2018,Overpayment,Undetermined / Multiple Factors,Recipient Failure to Report,Disabled (Adult 18-64),30,Kentucky,436.38,3033.93,26,Yes,No,26.74,Benefit Withholding
IP-1426,2018,Overpayment,SSA Administrative / Computation Error,SSA Processing Delay,Aged (65+),73,New Mexico,402.58,7781.83,23,No,No,84.04,Direct Billing
IP-1427,2018,Overpayment,Living Arrangement,Recipient Failure to Report,Disabled (Adult 18-64),50,Virginia,525.68,3490.29,7,No,No,94.85,Benefit Withholding
IP-1428,2018,Overpayment,Real Property,SSA Computation Error,Disabled (Child Under 18),14,District of Columbia,763.21,4907.85,29,No,Yes,22.17,Waiver Granted
IP-1429,2018,Overpayment,Undetermined / Multiple Factors,Recipient Failure to Report,Disabled (Adult 18-64),22,West Virginia,267.78,7334.1,31,No,No,88.35,Direct Billing
IP-1430,2018,Overpayment,Unearned Income,Recipient Failure to Report,Disabled (Adult 18-64),34,Alabama,608.58,4414.46,1,No,No,725.37,Benefit Withholding
IP-1431,2018,Overpayment,Living Arrangement,Recipient Failure to Report,Aged (65+),71,New Mexico,382.99,7920.3,31,No,Yes,66.71,Direct Billing
IP-1432,2018,Overpayment,Living Arrangement,SSA Processing Delay,Disabled (Adult 18-64),57,Indiana,686.77,1797.28,13,No,Yes,20.13,Benefit Withholding
IP-1433,2018,Overpayment,Wages / Earned Income,Deemor Failure to Report,Disabled (Adult 18-64),48,Arkansas,758.51,5236.84,35,No,No,19.73,Waiver Granted
IP-1434,2018,Overpayment,Living Arrangement,SSA Computation Error,Disabled (Child Under 18),8,Missouri,363.4,4197.31,33,No,Yes,35,Pending
IP-1435,2018,Overpayment,Deemed Income (Spouse/Parent),Recipient Failure to Report,Disabled (Adult 18-64),25,Kansas,466.55,2984.59,12,No,No,53.31,Benefit Withholding
IP-1436,2018,Overpayment,Wages / Earned Income,Representative Payee Failure to Report,Disabled (Adult 18-64),34,Minnesota,309.11,3105.54,17,No,No,59.1,Repayment Plan
IP-1437,2018,Overpayment,Undetermined / Multiple Factors,Recipient Failure to Report,Disabled (Adult 18-64),43,Oklahoma,412.84,1829,24,No,No,18.46,Direct Billing
IP-1438,2018,Overpayment,In-Kind Support and Maintenance (ISM),Representative Payee Failure to Report,Disabled (Child Under 18),11,Illinois,523.76,6140.89,16,No,Yes,73.28,Direct Billing
IP-1439,2018,Overpayment,Living Arrangement,Recipient Failure to Report,Disabled (Adult 18-64),38,Georgia,511.31,8462.5,34,No,No,48.68,Waiver Granted
IP-1440,2018,Overpayment,In-Kind Support and Maintenance (ISM),Recipient Failure to Report,Aged (65+),80,Delaware,674.46,1430.24,14,Yes,No,15.15,Waiver Granted
IP-1441,2018,Overpayment,Financial Accounts / Resources,Representative Payee Failure to Report,Disabled (Adult 18-64),61,Indiana,270.68,2957.99,27,No,No,40.47,Pending
IP-1442,2018,Overpayment,Unearned Income,Deemor Failure to Report,Disabled (Adult 18-64),46,Maryland,484.21,3050.67,33,Yes,No,19.09,Pending
IP-1443,2018,Overpayment,Financial Accounts / Resources,Recipient Failure to Report,Aged (65+),84,New Jersey,445.92,5462.91,22,No,Yes,55.69,Benefit Withholding
IP-1444,2018,Overpayment,Wages / Earned Income,Recipient Failure to Report,Disabled (Adult 18-64),46,Maryland,358.14,6053.16,26,No,No,65.01,Pending
IP-1445,2018,Underpayment,In-Kind Support and Maintenance (ISM),Recipient Failure to Report,Disabled (Adult 18-64),62,Texas,585.96,392.62,8,Yes,Yes,8.38,Pending Adjustment
IP-1446,2018,Underpayment,Living Arrangement,Deemor Failure to Report,Disabled (Adult 18-64),51,Mississippi,649.45,1654.33,1,Yes,Yes,254.73,Benefit Restored
IP-1447,2018,Underpayment,Financial Accounts / Resources,Deemor Failure to Report,Disabled (Adult 18-64),46,Louisiana,630.02,941.92,8,No,Yes,18.69,Pending Adjustment
IP-1448,2018,Underpayment,Wages / Earned Income,SSA Computation Error,Aged (65+),82,Minnesota,768.41,2595.44,15,No,No,22.52,N/A
IP-1449,2018,Underpayment,Wages / Earned Income,Recipient Failure to Report,Disabled (Child Under 18),15,West Virginia,505.18,1800.8,14,No,No,25.46,N/A
IP-1450,2018,Underpayment,In-Kind Support and Maintenance (ISM),Recipient Failure to Report,Aged (65+),65,South Carolina,376.98,1248.37,5,No,No,66.23,Benefit Restored
IP-1451,2018,Underpayment,In-Kind Support and Maintenance (ISM),Deemor Failure to Report,Disabled (Adult 18-64),36,Vermont,646.5,1441.66,1,No,Yes,222.99,Benefit Restored
IP-1452,2018,Underpayment,Wages / Earned Income,Recipient Failure to Report,Blind,36,Massachusetts,682.97,506.54,13,No,Yes,5.71,N/A
IP-1453,2018,Underpayment,Financial Accounts / Resources,SSA Processing Delay,Disabled (Adult 18-64),52,Hawaii,365.97,2426.57,9,No,No,73.67,Pending Adjustment
IP-1454,2018,Underpayment,SSA Administrative / Computation Error,Recipient Failure to Report,Disabled (Adult 18-64),57,Maine,358.65,1376.92,15,No,Yes,25.59,Benefit Restored
IP-1455,2018,Underpayment,Wages / Earned Income,Recipient Failure to Report,Disabled (Adult 18-64),63,Virginia,356.94,2917.55,10,No,No,81.74,Retroactive Payment Made
IP-1456,2018,Underpayment,Wages / Earned Income,Recipient Failure to Report,Disabled (Adult 18-64),47,Colorado,781.81,1272.32,16,Yes,No,10.17,Retroactive Payment Made
IP-1457,2018,Underpayment,SSA Administrative / Computation Error,Recipient Failure to Report,Disabled (Child Under 18),8,Wyoming,474.1,1189.42,18,No,No,13.94,Retroactive Payment Made
IP-1458,2018,Underpayment,Wages / Earned Income,Recipient Failure to Report,Aged (65+),66,Wyoming,630.03,2925.42,8,No,No,58.04,Retroactive Payment Made
IP-1459,2018,Underpayment,In-Kind Support and Maintenance (ISM),Recipient Failure to Report,Disabled (Child Under 18),16,Montana,292.47,2884.42,11,Yes,No,89.66,Retroactive Payment Made
IP-1460,2018,Underpayment,Living Arrangement,Recipient Failure to Report,Aged (65+),72,Florida,767.42,2593.7,7,No,No,48.28,Retroactive Payment Made
IP-1461,2018,Underpayment,Wages / Earned Income,Recipient Failure to Report,Disabled (Adult 18-64),62,District of Columbia,538.77,744.41,2,No,No,69.08,Pending Adjustment
IP-1462,2018,Underpayment,Living Arrangement,Recipient Failure to Report,Disabled (Adult 18-64),58,Ohio,742.68,2064.12,11,Yes,Yes,25.27,Benefit Restored
IP-1463,2018,Underpayment,Financial Accounts / Resources,SSA Processing Delay,Aged (65+),90,Georgia,772.32,1473.77,11,No,No,17.35,Pending Adjustment
IP-1464,2018,Underpayment,Wages / Earned Income,SSA Processing Delay,Disabled (Adult 18-64),53,Indiana,611.96,2698.02,16,No,No,27.56,N/A
IP-1465,2018,Underpayment,Wages / Earned Income,Recipient Failure to Report,Disabled (Adult 18-64),51,North Dakota,293.48,1415.82,18,No,No,26.8,Benefit Restored
IP-1466,2018,Underpayment,Unearned Income,Recipient Failure to Report,Aged (65+),65,Wyoming,627.72,1921.32,13,No,No,23.54,Pending Adjustment
IP-1467,2018,Underpayment,Living Arrangement,Deemor Failure to Report,Disabled (Adult 18-64),27,Louisiana,646.42,585.81,16,No,No,5.66,N/A
IP-1468,2018,Underpayment,Financial Accounts / Resources,Recipient Failure to Report,Disabled (Adult 18-64),20,Pennsylvania,304.15,150.46,5,No,Yes,9.89,N/A
IP-1469,2018,Underpayment,Wages / Earned Income,Representative Payee Failure to Report,Disabled (Adult 18-64),55,Louisiana,563.77,1980.61,17,No,Yes,20.67,Benefit Restored
IP-1470,2018,Underpayment,Wages / Earned Income,Recipient Failure to Report,Aged (65+),85,Tennessee,472.88,1974.13,3,Yes,No,139.16,N/A
IP-1471,2018,Underpayment,SSA Administrative / Computation Error,Recipient Failure to Report,Aged (65+),74,Hawaii,628.1,812.13,2,Yes,Yes,64.65,Retroactive Payment Made
IP-1472,2019,Overpayment,In-Kind Support and Maintenance (ISM),Recipient Failure to Report,Disabled (Adult 18-64),53,Massachusetts,525.56,4866.73,12,No,No,77.17,Benefit Withholding
IP-1473,2019,Overpayment,Deemed Income (Spouse/Parent),Representative Payee Failure to Report,Aged (65+),70,Delaware,297.25,5671.3,7,No,No,272.56,Waiver Granted
IP-1474,2019,Overpayment,Unearned Income,Representative Payee Failure to Report,Disabled (Adult 18-64),38,Alabama,778.02,7676,36,No,No,27.41,Repayment Plan
IP-1475,2019,Overpayment,Real Property,Recipient Failure to Report,Disabled (Adult 18-64),34,Nevada,739.94,1857.69,36,No,No,6.97,Repayment Plan
IP-1476,2019,Overpayment,Undetermined / Multiple Factors,Recipient Failure to Report,Disabled (Adult 18-64),37,Maryland,278.75,5084.2,34,Yes,No,53.64,Direct Billing
IP-1477,2019,Overpayment,Financial Accounts / Resources,SSA Processing Delay,Disabled (Adult 18-64),54,Delaware,498.07,6998.75,36,No,Yes,39.03,Benefit Withholding
IP-1478,2019,Overpayment,Living Arrangement,Recipient Failure to Report,Disabled (Adult 18-64),23,West Virginia,672.86,2161.29,17,No,No,18.89,Direct Billing
IP-1479,2019,Overpayment,Deemed Income (Spouse/Parent),SSA Processing Delay,Aged (65+),74,Virginia,547.02,4175.94,7,Yes,No,109.06,Pending
IP-1480,2019,Overpayment,Living Arrangement,Deemor Failure to Report,Aged (65+),68,Colorado,442.83,2990.01,28,No,No,24.11,Pending
IP-1481,2019,Overpayment,SSA Administrative / Computation Error,Representative Payee Failure to Report,Aged (65+),83,Florida,386.16,2625.42,3,No,No,226.63,Pending
IP-1482,2019,Overpayment,Unearned Income,Representative Payee Failure to Report,Disabled (Adult 18-64),45,Kentucky,252.52,8255.29,33,No,No,99.07,Direct Billing
IP-1483,2019,Overpayment,Wages / Earned Income,Representative Payee Failure to Report,Disabled (Adult 18-64),50,Florida,249.6,4681.89,17,No,No,110.34,Direct Billing
IP-1484,2019,Overpayment,Deemed Income (Spouse/Parent),Recipient Failure to Report,Disabled (Adult 18-64),51,Kentucky,527.16,5561.5,13,No,Yes,81.15,Benefit Withholding
IP-1485,2019,Overpayment,Financial Accounts / Resources,Representative Payee Failure to Report,Disabled (Adult 18-64),40,Nebraska,446.92,807.07,27,No,No,6.69,Waiver Granted
IP-1486,2019,Overpayment,In-Kind Support and Maintenance (ISM),Recipient Failure to Report,Disabled (Adult 18-64),46,Alabama,563.32,5257.07,29,Yes,Yes,32.18,Direct Billing
IP-1487,2019,Overpayment,Unearned Income,SSA Processing Delay,Disabled (Adult 18-64),57,Ohio,341.7,999.54,4,No,No,73.13,Benefit Withholding
IP-1488,2019,Overpayment,Financial Accounts / Resources,Recipient Failure to Report,Aged (65+),71,Mississippi,631.43,242.22,14,No,No,2.74,Pending
IP-1489,2019,Overpayment,Deemed Income (Spouse/Parent),Representative Payee Failure to Report,Aged (65+),86,North Carolina,419.56,5923.35,2,Yes,No,705.9,Direct Billing
IP-1490,2019,Overpayment,Wages / Earned Income,Representative Payee Failure to Report,Disabled (Adult 18-64),60,Missouri,238.83,498.57,1,No,No,208.76,Waiver Granted
IP-1491,2019,Overpayment,SSA Administrative / Computation Error,SSA Computation Error,Disabled (Adult 18-64),63,New Hampshire,496.48,3316.12,25,Yes,No,26.72,Repayment Plan
IP-1492,2019,Overpayment,SSA Administrative / Computation Error,Recipient Failure to Report,Disabled (Adult 18-64),19,Kansas,740.06,8219.39,36,Yes,Yes,30.85,Pending
IP-1493,2019,Overpayment,Financial Accounts / Resources,SSA Processing Delay,Disabled (Adult 18-64),37,Texas,407.19,2980.29,23,No,No,31.82,Waiver Granted
IP-1494,2019,Overpayment,Real Property,SSA Computation Error,Aged (65+),75,Texas,331.51,8027.96,18,No,No,134.54,Direct Billing
IP-1495,2019,Overpayment,Wages / Earned Income,Deemor Failure to Report,Disabled (Adult 18-64),54,Hawaii,443.31,7424.33,15,No,No,111.65,Waiver Granted
IP-1496,2019,Overpayment,SSA Administrative / Computation Error,Recipient Failure to Report,Disabled (Adult 18-64),30,Tennessee,598.8,5563.39,35,No,No,26.55,Pending
IP-1497,2019,Overpayment,SSA Administrative / Computation Error,Deemor Failure to Report,Disabled (Adult 18-64),53,Wyoming,385.1,1276.54,11,Yes,Yes,30.13,Waiver Granted
IP-1498,2019,Overpayment,Real Property,Recipient Failure to Report,Disabled (Adult 18-64),37,Minnesota,760.38,7487.11,27,No,No,36.47,Waiver Granted
IP-1499,2019,Overpayment,Wages / Earned Income,Recipient Failure to Report,Disabled (Adult 18-64),57,Texas,553.07,6492.68,18,No,No,65.22,Direct Billing
IP-1500,2019,Overpayment,Financial Accounts / Resources,Recipient Failure to Report,Disabled (Adult 18-64),48,Wyoming,693.3,4077.29,33,No,Yes,17.82,Repayment Plan
IP-1501,2019,Overpayment,Living Arrangement,Recipient Failure to Report,Disabled (Adult 18-64),44,New York,739.53,3502.58,1,No,No,473.62,Direct Billing
IP-1502,2019,Overpayment,Deemed Income (Spouse/Parent),Deemor Failure to Report,Disabled (Adult 18-64),47,Connecticut,601.02,7377.24,32,No,No,38.36,Repayment Plan
IP-1503,2019,Overpayment,Deemed Income (Spouse/Parent),SSA Computation Error,Aged (65+),87,North Dakota,506.21,2693.98,35,Yes,No,15.21,Benefit Withholding
IP-1504,2019,Overpayment,Living Arrangement,Recipient Failure to Report,Aged (65+),66,Massachusetts,773.57,4433.04,26,No,No,22.04,Benefit Withholding
IP-1505,2019,Overpayment,Wages / Earned Income,SSA Computation Error,Disabled (Adult 18-64),36,Wyoming,297.06,7043.4,30,Yes,No,79.03,Pending
IP-1506,2019,Overpayment,SSA Administrative / Computation Error,Representative Payee Failure to Report,Disabled (Adult 18-64),55,Ohio,304.81,6156.37,8,No,No,252.47,Repayment Plan
IP-1507,2019,Overpayment,Financial Accounts / Resources,Recipient Failure to Report,Disabled (Adult 18-64),38,South Dakota,252.57,7619.47,30,No,No,100.56,Benefit Withholding
IP-1508,2019,Overpayment,Wages / Earned Income,Representative Payee Failure to Report,Aged (65+),81,Ohio,623.77,4476.26,25,No,No,28.7,Pending
IP-1509,2019,Overpayment,Living Arrangement,Deemor Failure to Report,Aged (65+),69,Nebraska,294.52,7412.53,10,No,No,251.68,Benefit Withholding
IP-1510,2019,Overpayment,Living Arrangement,SSA Processing Delay,Disabled (Adult 18-64),26,Connecticut,268.53,2490.2,12,No,Yes,77.28,Pending
IP-1511,2019,Overpayment,Deemed Income (Spouse/Parent),Recipient Failure to Report,Disabled (Adult 18-64),49,Arkansas,554.45,4642.58,1,No,Yes,837.33,Pending
IP-1512,2019,Overpayment,Unearned Income,Recipient Failure to Report,Disabled (Adult 18-64),35,Idaho,714.3,5120.86,16,No,Yes,44.81,Direct Billing
IP-1513,2019,Overpayment,Wages / Earned Income,Recipient Failure to Report,Aged (65+),67,New York,393.04,5686.12,20,Yes,Yes,72.34,Repayment Plan
IP-1514,2019,Overpayment,Undetermined / Multiple Factors,Recipient Failure to Report,Disabled (Adult 18-64),47,Rhode Island,303.44,5893.29,36,No,Yes,53.95,Benefit Withholding
IP-1515,2019,Overpayment,Deemed Income (Spouse/Parent),SSA Computation Error,Disabled (Adult 18-64),48,Pennsylvania,237.85,6458.83,36,No,Yes,75.43,Waiver Granted
IP-1516,2019,Overpayment,Financial Accounts / Resources,Recipient Failure to Report,Disabled (Adult 18-64),58,Tennessee,533.11,5221.85,7,Yes,No,139.93,Pending
IP-1517,2019,Overpayment,Undetermined / Multiple Factors,Recipient Failure to Report,Disabled (Child Under 18),14,Idaho,506.3,7213.89,17,No,Yes,83.81,Pending
IP-1518,2019,Overpayment,In-Kind Support and Maintenance (ISM),Representative Payee Failure to Report,Disabled (Adult 18-64),30,Arkansas,613.11,6877.43,15,Yes,Yes,74.78,Benefit Withholding
IP-1519,2019,Overpayment,Living Arrangement,SSA Processing Delay,Aged (65+),75,Tennessee,441.39,6806.32,27,No,No,57.11,Direct Billing
IP-1520,2019,Overpayment,Wages / Earned Income,Recipient Failure to Report,Disabled (Adult 18-64),38,District of Columbia,495.4,623.21,20,Yes,Yes,6.29,Waiver Granted
IP-1521,2019,Overpayment,Financial Accounts / Resources,Representative Payee Failure to Report,Aged (65+),75,Texas,392.69,7080.76,13,No,No,138.7,Benefit Withholding
IP-1522,2019,Overpayment,Unearned Income,Representative Payee Failure to Report,Disabled (Adult 18-64),44,Nevada,657.07,7620.6,30,Yes,No,38.66,Waiver Granted
IP-1523,2019,Overpayment,In-Kind Support and Maintenance (ISM),Representative Payee Failure to Report,Aged (65+),90,Texas,666.13,1809.82,22,No,Yes,12.35,Direct Billing
IP-1524,2019,Overpayment,Financial Accounts / Resources,Deemor Failure to Report,Disabled (Adult 18-64),42,Maine,532.88,4564.61,11,No,No,77.87,Benefit Withholding
IP-1525,2019,Overpayment,SSA Administrative / Computation Error,Representative Payee Failure to Report,Aged (65+),80,Minnesota,441.29,6048.15,18,No,No,76.14,Repayment Plan
IP-1526,2019,Overpayment,Real Property,Recipient Failure to Report,Disabled (Adult 18-64),23,Virginia,653.45,998.35,3,No,No,50.93,Benefit Withholding
IP-1527,2019,Overpayment,Deemed Income (Spouse/Parent),Recipient Failure to Report,Disabled (Child Under 18),10,Colorado,380.94,7854.73,34,No,Yes,60.65,Pending
IP-1528,2019,Overpayment,Unearned Income,SSA Processing Delay,Disabled (Adult 18-64),37,Iowa,267.53,3325.12,34,Yes,No,36.56,Pending
IP-1529,2019,Overpayment,SSA Administrative / Computation Error,SSA Computation Error,Disabled (Adult 18-64),37,Illinois,213.11,4448.88,20,No,No,104.38,Direct Billing
IP-1530,2019,Overpayment,Wages / Earned Income,Recipient Failure to Report,Disabled (Adult 18-64),35,Connecticut,287.05,5721,18,Yes,Yes,110.72,Pending
IP-1531,2019,Overpayment,In-Kind Support and Maintenance (ISM),Recipient Failure to Report,Disabled (Adult 18-64),36,New Mexico,749.93,2741.2,10,No,Yes,36.55,Benefit Withholding
IP-1532,2019,Overpayment,Financial Accounts / Resources,Recipient Failure to Report,Disabled (Child Under 18),5,Florida,726.62,1149.13,31,Yes,No,5.1,Benefit Withholding
IP-1533,2019,Overpayment,Wages / Earned Income,Representative Payee Failure to Report,Disabled (Adult 18-64),37,West Virginia,559.31,5369.03,29,No,Yes,33.1,Pending
IP-1534,2019,Overpayment,Wages / Earned Income,SSA Processing Delay,Disabled (Child Under 18),9,Nebraska,256.7,1163.67,30,No,No,15.11,Direct Billing
IP-1535,2019,Overpayment,Undetermined / Multiple Factors,SSA Computation Error,Disabled (Adult 18-64),60,Indiana,306.89,7763.68,26,No,No,97.3,Repayment Plan
IP-1536,2019,Overpayment,Living Arrangement,Recipient Failure to Report,Disabled (Adult 18-64),40,Mississippi,364.56,3947.49,11,No,No,98.44,Benefit Withholding
IP-1537,2019,Overpayment,Living Arrangement,Recipient Failure to Report,Aged (65+),77,New Mexico,510.59,5537.86,20,No,Yes,54.23,Pending
IP-1538,2019,Overpayment,Financial Accounts / Resources,Recipient Failure to Report,Disabled (Adult 18-64),45,Pennsylvania,657.26,2929.03,28,No,No,15.92,Direct Billing
IP-1539,2019,Overpayment,Wages / Earned Income,SSA Processing Delay,Aged (65+),84,South Dakota,266.65,4901.89,32,No,No,57.45,Pending
IP-1540,2019,Overpayment,Wages / Earned Income,Recipient Failure to Report,Disabled (Adult 18-64),56,Kentucky,599.65,638.18,7,No,No,15.2,Repayment Plan
IP-1541,2019,Overpayment,Unearned Income,Recipient Failure to Report,Disabled (Adult 18-64),60,Georgia,641.38,7547.36,1,No,No,1176.74,Pending
IP-1542,2019,Overpayment,Financial Accounts / Resources,Recipient Failure to Report,Aged (65+),90,Tennessee,374.75,5808.82,21,No,No,73.81,Waiver Granted
IP-1543,2019,Overpayment,Undetermined / Multiple Factors,Representative Payee Failure to Report,Aged (65+),66,Kansas,697.01,3465.47,9,No,No,55.24,Benefit Withholding
IP-1544,2019,Overpayment,Wages / Earned Income,Deemor Failure to Report,Aged (65+),87,Michigan,337.15,7327.54,2,No,No,1086.69,Waiver Granted
IP-1545,2019,Overpayment,Unearned Income,Recipient Failure to Report,Disabled (Adult 18-64),53,Tennessee,281.08,5648.02,31,No,No,64.82,Repayment Plan
IP-1546,2019,Overpayment,Wages / Earned Income,Representative Payee Failure to Report,Disabled (Child Under 18),12,Georgia,283.95,148.04,2,No,Yes,26.07,Benefit Withholding
IP-1547,2019,Overpayment,Wages / Earned Income,SSA Computation Error,Aged (65+),79,District of Columbia,563.35,5926.05,28,No,No,37.57,Repayment Plan
IP-1548,2019,Overpayment,Living Arrangement,Recipient Failure to Report,Disabled (Adult 18-64),35,California,615.17,4933.58,16,No,No,50.12,Pending
IP-1549,2019,Overpayment,Financial Accounts / Resources,Representative Payee Failure to Report,Disabled (Child Under 18),6,South Dakota,760.69,3164.49,31,No,No,13.42,Pending
IP-1550,2019,Overpayment,Undetermined / Multiple Factors,SSA Processing Delay,Disabled (Child Under 18),6,Iowa,718.82,4418.22,34,No,No,18.08,Benefit Withholding
IP-1551,2019,Overpayment,Unearned Income,Representative Payee Failure to Report,Disabled (Adult 18-64),18,Hawaii,511.92,495.94,22,No,No,4.4,Pending
IP-1552,2019,Overpayment,SSA Administrative / Computation Error,Recipient Failure to Report,Aged (65+),66,Alabama,368.61,8166.91,19,No,No,116.61,Pending
IP-1553,2019,Overpayment,Financial Accounts / Resources,Representative Payee Failure to Report,Aged (65+),84,Nebraska,671.59,486.19,19,Yes,No,3.81,Repayment Plan
IP-1554,2019,Overpayment,Wages / Earned Income,SSA Computation Error,Disabled (Adult 18-64),34,Missouri,360.45,2179.83,18,Yes,No,33.6,Benefit Withholding
IP-1555,2019,Underpayment,Financial Accounts / Resources,SSA Processing Delay,Disabled (Child Under 18),16,Rhode Island,352.31,1351.03,6,No,No,63.91,Pending Adjustment
IP-1556,2019,Underpayment,Unearned Income,Recipient Failure to Report,Blind,48,Ohio,688.33,2902.69,5,No,Yes,84.34,N/A
IP-1557,2019,Underpayment,Unearned Income,Representative Payee Failure to Report,Disabled (Adult 18-64),25,Alabama,640.45,181.89,9,Yes,Yes,3.16,N/A
IP-1558,2019,Underpayment,Living Arrangement,SSA Processing Delay,Disabled (Adult 18-64),63,Vermont,421.42,2768.93,8,No,No,82.13,Benefit Restored
IP-1559,2019,Underpayment,Wages / Earned Income,Recipient Failure to Report,Blind,24,Connecticut,760.71,1158.37,11,Yes,No,13.84,Benefit Restored
IP-1560,2019,Underpayment,Deemed Income (Spouse/Parent),Deemor Failure to Report,Disabled (Adult 18-64),34,Missouri,667.75,1018.2,9,No,No,16.94,Pending Adjustment
IP-1561,2019,Underpayment,Unearned Income,Recipient Failure to Report,Aged (65+),65,Colorado,382.64,2039.6,6,Yes,Yes,88.84,Retroactive Payment Made
IP-1562,2019,Underpayment,Living Arrangement,Representative Payee Failure to Report,Disabled (Adult 18-64),20,Alabama,346.86,673.86,10,Yes,No,19.43,Retroactive Payment Made
IP-1563,2019,Underpayment,Wages / Earned Income,SSA Computation Error,Aged (65+),68,Tennessee,612.81,2852.46,4,Yes,No,116.37,Pending Adjustment
IP-1564,2019,Underpayment,Living Arrangement,Representative Payee Failure to Report,Aged (65+),79,Virginia,347.69,2690.08,6,Yes,No,128.95,N/A
IP-1565,2019,Underpayment,Deemed Income (Spouse/Parent),Recipient Failure to Report,Disabled (Adult 18-64),22,Rhode Island,350.03,2314.24,11,No,Yes,60.1,N/A
IP-1566,2019,Underpayment,Living Arrangement,Recipient Failure to Report,Disabled (Child Under 18),8,Indiana,486.67,550.23,3,No,Yes,37.69,N/A
IP-1567,2019,Underpayment,Wages / Earned Income,Recipient Failure to Report,Aged (65+),68,Hawaii,617.08,1937.15,15,Yes,Yes,20.93,Retroactive Payment Made
IP-1568,2019,Underpayment,In-Kind Support and Maintenance (ISM),Recipient Failure to Report,Disabled (Adult 18-64),60,Arkansas,743.88,463.59,1,No,No,62.32,Pending Adjustment
IP-1569,2019,Underpayment,Unearned Income,Representative Payee Failure to Report,Disabled (Child Under 18),11,Kansas,478.76,2128.66,16,Yes,No,27.79,Pending Adjustment
IP-1570,2019,Underpayment,Wages / Earned Income,SSA Processing Delay,Disabled (Child Under 18),10,Mississippi,745.13,381.19,18,No,No,2.84,Benefit Restored
IP-1571,2019,Underpayment,Living Arrangement,Deemor Failure to Report,Aged (65+),79,Ohio,246.91,1108.76,11,No,No,40.82,Pending Adjustment
IP-1572,2019,Underpayment,Wages / Earned Income,Recipient Failure to Report,Disabled (Adult 18-64),58,Washington,722.64,910.63,13,No,No,9.69,Retroactive Payment Made
IP-1573,2019,Underpayment,SSA Administrative / Computation Error,Recipient Failure to Report,Disabled (Adult 18-64),22,New York,485.22,595.42,8,No,No,15.34,N/A
IP-1574,2019,Underpayment,Deemed Income (Spouse/Parent),Recipient Failure to Report,Disabled (Adult 18-64),31,Colorado,436.41,2367.58,2,No,No,271.26,Pending Adjustment
IP-1575,2019,Underpayment,Unearned Income,Recipient Failure to Report,Disabled (Adult 18-64),57,Alaska,474.72,441.94,1,Yes,Yes,93.09,Pending Adjustment
IP-1576,2019,Underpayment,Wages / Earned Income,Deemor Failure to Report,Aged (65+),67,District of Columbia,687.01,309.93,6,Yes,Yes,7.52,N/A
IP-1577,2019,Underpayment,In-Kind Support and Maintenance (ISM),Recipient Failure to Report,Aged (65+),86,Washington,389.03,1290.11,13,No,No,25.51,Pending Adjustment
IP-1578,2019,Underpayment,Unearned Income,Recipient Failure to Report,Aged (65+),76,Michigan,297.97,836.2,14,No,No,20.05,Pending Adjustment
IP-1579,2019,Underpayment,Deemed Income (Spouse/Parent),Recipient Failure to Report,Disabled (Adult 18-64),49,Maine,209.11,1845.08,6,Yes,Yes,147.06,Retroactive Payment Made
IP-1580,2019,Underpayment,Wages / Earned Income,Representative Payee Failure to Report,Disabled (Adult 18-64),31,Maryland,603.64,1260.34,16,No,No,13.05,Benefit Restored
IP-1581,2019,Underpayment,In-Kind Support and Maintenance (ISM),Deemor Failure to Report,Disabled (Adult 18-64),57,Hawaii,618.13,2081.19,6,Yes,No,56.12,Benefit Restored